state_name,district_name,taluk_name,village_name,official_source,official_code,firka_name,is_active
Tamil Nadu,Villupuram,Villupuram,AARIYUR,https://cdn.s3waas.gov.in/s3e44fea3bec53bcea3b7513ccef5857ac/uploads/2018/04/2018042337.pdf,72,,true
Tamil Nadu,Villupuram,Villupuram,AGARAM SITHAMUR,https://cdn.s3waas.gov.in/s3e44fea3bec53bcea3b7513ccef5857ac/uploads/2018/04/2018042337.pdf,62,,true
Tamil Nadu,Villupuram,Villupuram,ARIYALUR(THIRUKAI),https://cdn.s3waas.gov.in/s3e44fea3bec53bcea3b7513ccef5857ac/uploads/2018/04/2018042337.pdf,49,,true
Tamil Nadu,Villupuram,Villupuram,KALPATTU (EAST),https://cdn.s3waas.gov.in/s3e44fea3bec53bcea3b7513ccef5857ac/uploads/2018/04/2018042337.pdf,56,,true
Tamil Nadu,Villupuram,Villupuram,KALPATTU(WEST),https://cdn.s3waas.gov.in/s3e44fea3bec53bcea3b7513ccef5857ac/uploads/2018/04/2018042337.pdf,56,,true
Tamil Nadu,Villupuram,Villupuram,KANAI,https://cdn.s3waas.gov.in/s3e44fea3bec53bcea3b7513ccef5857ac/uploads/2018/04/2018042337.pdf,60,,true
Tamil Nadu,Villupuram,Villupuram,KANGKIYANUR,https://cdn.s3waas.gov.in/s3e44fea3bec53bcea3b7513ccef5857ac/uploads/2018/04/2018042337.pdf,53,,true
Tamil Nadu,Villupuram,Villupuram,KAPPUR,https://cdn.s3waas.gov.in/s3e44fea3bec53bcea3b7513ccef5857ac/uploads/2018/04/2018042337.pdf,83,,true
Tamil Nadu,Villupuram,Villupuram,KARUNGALIPPATTU,https://cdn.s3waas.gov.in/s3e44fea3bec53bcea3b7513ccef5857ac/uploads/2018/04/2018042337.pdf,59,,true
Tamil Nadu,Villupuram,Villupuram,KEDAR,https://cdn.s3waas.gov.in/s3e44fea3bec53bcea3b7513ccef5857ac/uploads/2018/04/2018042337.pdf,52,,true
Tamil Nadu,Villupuram,Villupuram,KOLATHUR,https://cdn.s3waas.gov.in/s3e44fea3bec53bcea3b7513ccef5857ac/uploads/2018/04/2018042337.pdf,99,,true
Tamil Nadu,Villupuram,Villupuram,KONUR,https://cdn.s3waas.gov.in/s3e44fea3bec53bcea3b7513ccef5857ac/uploads/2018/04/2018042337.pdf,76,,true
Tamil Nadu,Villupuram,Villupuram,KOZHIPATTU,https://cdn.s3waas.gov.in/s3e44fea3bec53bcea3b7513ccef5857ac/uploads/2018/04/2018042337.pdf,50,,true
Tamil Nadu,Villupuram,Villupuram,KUPPAM,https://cdn.s3waas.gov.in/s3e44fea3bec53bcea3b7513ccef5857ac/uploads/2018/04/2018042337.pdf,61,,true
Tamil Nadu,Villupuram,Villupuram,MALLIGAIPPATTU,https://cdn.s3waas.gov.in/s3e44fea3bec53bcea3b7513ccef5857ac/uploads/2018/04/2018042337.pdf,54,ianaK,true
Tamil Nadu,Villupuram,Villupuram,MAMPAZHAPPATTU,https://cdn.s3waas.gov.in/s3e44fea3bec53bcea3b7513ccef5857ac/uploads/2018/04/2018042337.pdf,55,ianaK,true
Tamil Nadu,Villupuram,Villupuram,ORUKODI,https://cdn.s3waas.gov.in/s3e44fea3bec53bcea3b7513ccef5857ac/uploads/2018/04/2018042337.pdf,80,ianaK,true
Tamil Nadu,Villupuram,Villupuram,PALLIYATHUR,https://cdn.s3waas.gov.in/s3e44fea3bec53bcea3b7513ccef5857ac/uploads/2018/04/2018042337.pdf,51,ianaK,true
Tamil Nadu,Villupuram,Villupuram,PERUMPAKKAM,https://cdn.s3waas.gov.in/s3e44fea3bec53bcea3b7513ccef5857ac/uploads/2018/04/2018042337.pdf,74,ianaK,true
Tamil Nadu,Villupuram,Villupuram,SATHIPATTU,https://cdn.s3waas.gov.in/s3e44fea3bec53bcea3b7513ccef5857ac/uploads/2018/04/2018042337.pdf,79,ianaK,true
Tamil Nadu,Villupuram,Villupuram,SIRUVAKUR,https://cdn.s3waas.gov.in/s3e44fea3bec53bcea3b7513ccef5857ac/uploads/2018/04/2018042337.pdf,57,ianaK,true
Tamil Nadu,Villupuram,Villupuram,THELI,https://cdn.s3waas.gov.in/s3e44fea3bec53bcea3b7513ccef5857ac/uploads/2018/04/2018042337.pdf,58,ianaK,true
Tamil Nadu,Villupuram,Villupuram,THOGAVADI,https://cdn.s3waas.gov.in/s3e44fea3bec53bcea3b7513ccef5857ac/uploads/2018/04/2018042337.pdf,81,ianaK,true
Tamil Nadu,Villupuram,Villupuram,V.KOTHAMANGALAM,https://cdn.s3waas.gov.in/s3e44fea3bec53bcea3b7513ccef5857ac/uploads/2018/04/2018042337.pdf,77,ianaK,true
Tamil Nadu,Villupuram,Villupuram,VAILAMOOR,https://cdn.s3waas.gov.in/s3e44fea3bec53bcea3b7513ccef5857ac/uploads/2018/04/2018042337.pdf,73,ianaK,true
Tamil Nadu,Villupuram,Villupuram,VAZHAPATTU,https://cdn.s3waas.gov.in/s3e44fea3bec53bcea3b7513ccef5857ac/uploads/2018/04/2018042337.pdf,64,ianaK,true
Tamil Nadu,Villupuram,Villupuram,VEERAMOOR,https://cdn.s3waas.gov.in/s3e44fea3bec53bcea3b7513ccef5857ac/uploads/2018/04/2018042337.pdf,41,ianaK,true
Tamil Nadu,Villupuram,Villupuram,VENGANTHUR,https://cdn.s3waas.gov.in/s3e44fea3bec53bcea3b7513ccef5857ac/uploads/2018/04/2018042337.pdf,63,ianaK,true
Tamil Nadu,Villupuram,Villupuram,VENKATESAPURAM,https://cdn.s3waas.gov.in/s3e44fea3bec53bcea3b7513ccef5857ac/uploads/2018/04/2018042337.pdf,75,ianaK,true
Tamil Nadu,Villupuram,Villupuram,VENMANIYATHUR,https://cdn.s3waas.gov.in/s3e44fea3bec53bcea3b7513ccef5857ac/uploads/2018/04/2018042337.pdf,78,ianaK,true
Tamil Nadu,Villupuram,Villupuram,AAZHIYUR,https://cdn.s3waas.gov.in/s3e44fea3bec53bcea3b7513ccef5857ac/uploads/2018/04/2018042337.pdf,215,ianaK,true
Tamil Nadu,Villupuram,Villupuram,ARPISAMPALAYAM,https://cdn.s3waas.gov.in/s3e44fea3bec53bcea3b7513ccef5857ac/uploads/2018/04/2018042337.pdf,169,ianaK,true
Tamil Nadu,Villupuram,Villupuram,CHOKKAMPATTU,https://cdn.s3waas.gov.in/s3e44fea3bec53bcea3b7513ccef5857ac/uploads/2018/04/2018042337.pdf,226,ianaK,true
Tamil Nadu,Villupuram,Villupuram,KALINGIKUPPAM,https://cdn.s3waas.gov.in/s3e44fea3bec53bcea3b7513ccef5857ac/uploads/2018/04/2018042337.pdf,232,ianaK,true
Tamil Nadu,Villupuram,Villupuram,KANDAMANGALAM,https://cdn.s3waas.gov.in/s3e44fea3bec53bcea3b7513ccef5857ac/uploads/2018/04/2018042337.pdf,213,ianaK,true
Tamil Nadu,Villupuram,Villupuram,KONDUR,https://cdn.s3waas.gov.in/s3e44fea3bec53bcea3b7513ccef5857ac/uploads/2018/04/2018042337.pdf,221,ianaK,true
Tamil Nadu,Villupuram,Villupuram,KONGAMPATTU,https://cdn.s3waas.gov.in/s3e44fea3bec53bcea3b7513ccef5857ac/uploads/2018/04/2018042337.pdf,227,ianaK,true
Tamil Nadu,Villupuram,Villupuram,KOTTHAMPAKKAM,https://cdn.s3waas.gov.in/s3e44fea3bec53bcea3b7513ccef5857ac/uploads/2018/04/2018042337.pdf,217,ianaK,true
Tamil Nadu,Villupuram,Villupuram,KRISHNAPURAM,https://cdn.s3waas.gov.in/s3e44fea3bec53bcea3b7513ccef5857ac/uploads/2018/04/2018042337.pdf,223,ianaK,true
Tamil Nadu,Villupuram,Villupuram,METTUPALAYAM,https://cdn.s3waas.gov.in/s3e44fea3bec53bcea3b7513ccef5857ac/uploads/2018/04/2018042337.pdf,228,ianaK,true
Tamil Nadu,Villupuram,Villupuram,MITTAMANDAGAPATTU,https://cdn.s3waas.gov.in/s3e44fea3bec53bcea3b7513ccef5857ac/uploads/2018/04/2018042337.pdf,220,ianaK,true
Tamil Nadu,Villupuram,Villupuram,MOTCHAKULAM,https://cdn.s3waas.gov.in/s3e44fea3bec53bcea3b7513ccef5857ac/uploads/2018/04/2018042337.pdf,165,malagnamadnaK,true
Tamil Nadu,Villupuram,Villupuram,NAVAMAL MARUTHUR,https://cdn.s3waas.gov.in/s3e44fea3bec53bcea3b7513ccef5857ac/uploads/2018/04/2018042337.pdf,214,malagnamadnaK,true
Tamil Nadu,Villupuram,Villupuram,NAVAMALKAPPER,https://cdn.s3waas.gov.in/s3e44fea3bec53bcea3b7513ccef5857ac/uploads/2018/04/2018042337.pdf,211,malagnamadnaK,true
Tamil Nadu,Villupuram,Villupuram,PAKKAM NORTH,https://cdn.s3waas.gov.in/s3e44fea3bec53bcea3b7513ccef5857ac/uploads/2018/04/2018042337.pdf,222,malagnamadnaK,true
Tamil Nadu,Villupuram,Villupuram,PAKKAM SOUTH,https://cdn.s3waas.gov.in/s3e44fea3bec53bcea3b7513ccef5857ac/uploads/2018/04/2018042337.pdf,222,malagnamadnaK,true
Tamil Nadu,Villupuram,Villupuram,PALLICHERRY,https://cdn.s3waas.gov.in/s3e44fea3bec53bcea3b7513ccef5857ac/uploads/2018/04/2018042337.pdf,218,malagnamadnaK,true
Tamil Nadu,Villupuram,Villupuram,PALLINELIANUR,https://cdn.s3waas.gov.in/s3e44fea3bec53bcea3b7513ccef5857ac/uploads/2018/04/2018042337.pdf,216,malagnamadnaK,true
Tamil Nadu,Villupuram,Villupuram,PALLIPUTHUPATTU,https://cdn.s3waas.gov.in/s3e44fea3bec53bcea3b7513ccef5857ac/uploads/2018/04/2018042337.pdf,219,malagnamadnaK,true
Tamil Nadu,Villupuram,Villupuram,PALLITHENNEL,https://cdn.s3waas.gov.in/s3e44fea3bec53bcea3b7513ccef5857ac/uploads/2018/04/2018042337.pdf,210,malagnamadnaK,true
Tamil Nadu,Villupuram,Villupuram,PARASUREDDYPALAYAM,https://cdn.s3waas.gov.in/s3e44fea3bec53bcea3b7513ccef5857ac/uploads/2018/04/2018042337.pdf,164,malagnamadnaK,true
Tamil Nadu,Villupuram,Villupuram,PERICHAMPAKKAM,https://cdn.s3waas.gov.in/s3e44fea3bec53bcea3b7513ccef5857ac/uploads/2018/04/2018042337.pdf,233,malagnamadnaK,true
Tamil Nadu,Villupuram,Villupuram,PUVARASANKUPPAM,https://cdn.s3waas.gov.in/s3e44fea3bec53bcea3b7513ccef5857ac/uploads/2018/04/2018042337.pdf,163,malagnamadnaK,true
Tamil Nadu,Villupuram,Villupuram,RAMPAKKAM,https://cdn.s3waas.gov.in/s3e44fea3bec53bcea3b7513ccef5857ac/uploads/2018/04/2018042337.pdf,229,malagnamadnaK,true
Tamil Nadu,Villupuram,Villupuram,SIRUVANTHADU,https://cdn.s3waas.gov.in/s3e44fea3bec53bcea3b7513ccef5857ac/uploads/2018/04/2018042337.pdf,168,malagnamadnaK,true
Tamil Nadu,Villupuram,Villupuram,SORAPPUR,https://cdn.s3waas.gov.in/s3e44fea3bec53bcea3b7513ccef5857ac/uploads/2018/04/2018042337.pdf,225,malagnamadnaK,true
Tamil Nadu,Villupuram,Villupuram,SORNAVOOR MELPATHI,https://cdn.s3waas.gov.in/s3e44fea3bec53bcea3b7513ccef5857ac/uploads/2018/04/2018042337.pdf,230,malagnamadnaK,true
Tamil Nadu,Villupuram,Villupuram,SURNAVOOR KEEZHPATHI,https://cdn.s3waas.gov.in/s3e44fea3bec53bcea3b7513ccef5857ac/uploads/2018/04/2018042337.pdf,231,malagnamadnaK,true
Tamil Nadu,Villupuram,Villupuram,VEERANAM,https://cdn.s3waas.gov.in/s3e44fea3bec53bcea3b7513ccef5857ac/uploads/2018/04/2018042337.pdf,224,malagnamadnaK,true
Tamil Nadu,Villupuram,Villupuram,ARASAMANGALAM,https://cdn.s3waas.gov.in/s3e44fea3bec53bcea3b7513ccef5857ac/uploads/2018/04/2018042337.pdf,160,malagnamadnaK,true
Tamil Nadu,Villupuram,Villupuram,ELANKADU,https://cdn.s3waas.gov.in/s3e44fea3bec53bcea3b7513ccef5857ac/uploads/2018/04/2018042337.pdf,189,malagnamadnaK,true
Tamil Nadu,Villupuram,Villupuram,KALLAPATTU,https://cdn.s3waas.gov.in/s3e44fea3bec53bcea3b7513ccef5857ac/uploads/2018/04/2018042337.pdf,176,malagnamadnaK,true
Tamil Nadu,Villupuram,Villupuram,KALLIPPATTU,https://cdn.s3waas.gov.in/s3e44fea3bec53bcea3b7513ccef5857ac/uploads/2018/04/2018042337.pdf,161,malagnamadnaK,true
Tamil Nadu,Villupuram,Villupuram,KENGARAMPALAYAM,https://cdn.s3waas.gov.in/s3e44fea3bec53bcea3b7513ccef5857ac/uploads/2018/04/2018042337.pdf,170,malagnamadnaK,true
Tamil Nadu,Villupuram,Villupuram,KOLIYANUR,https://cdn.s3waas.gov.in/s3e44fea3bec53bcea3b7513ccef5857ac/uploads/2018/04/2018042337.pdf,175,malagnamadnaK,true
Tamil Nadu,Villupuram,Villupuram,KUDIMIYANGUPPAM,https://cdn.s3waas.gov.in/s3e44fea3bec53bcea3b7513ccef5857ac/uploads/2018/04/2018042337.pdf,190,malagnamadnaK,true
Tamil Nadu,Villupuram,Villupuram,KUMARAKKUPPAM,https://cdn.s3waas.gov.in/s3e44fea3bec53bcea3b7513ccef5857ac/uploads/2018/04/2018042337.pdf,173,malagnamadnaK,true
Tamil Nadu,Villupuram,Villupuram,MALRAJANKUPPAM,https://cdn.s3waas.gov.in/s3e44fea3bec53bcea3b7513ccef5857ac/uploads/2018/04/2018042337.pdf,191,malagnamadnaK,true
Tamil Nadu,Villupuram,Villupuram,MANGUPPAM,https://cdn.s3waas.gov.in/s3e44fea3bec53bcea3b7513ccef5857ac/uploads/2018/04/2018042337.pdf,192,malagnamadnaK,true
Tamil Nadu,Villupuram,Villupuram,MATHIRIMANGALAM,https://cdn.s3waas.gov.in/s3e44fea3bec53bcea3b7513ccef5857ac/uploads/2018/04/2018042337.pdf,178,malagnamadnaK,true
Tamil Nadu,Villupuram,Villupuram,MAZHAVARAYANUR,https://cdn.s3waas.gov.in/s3e44fea3bec53bcea3b7513ccef5857ac/uploads/2018/04/2018042337.pdf,158,malagnamadnaK,true
Tamil Nadu,Villupuram,Villupuram,MELPATHI,https://cdn.s3waas.gov.in/s3e44fea3bec53bcea3b7513ccef5857ac/uploads/2018/04/2018042337.pdf,177,malagnamadnaK,true
Tamil Nadu,Villupuram,Villupuram,NANNATTAMPALAYAM,https://cdn.s3waas.gov.in/s3e44fea3bec53bcea3b7513ccef5857ac/uploads/2018/04/2018042337.pdf,157,malagnamadnaK,true
Tamil Nadu,Villupuram,Villupuram,NARAIYUR,https://cdn.s3waas.gov.in/s3e44fea3bec53bcea3b7513ccef5857ac/uploads/2018/04/2018042337.pdf,174,runavalaV,true
Tamil Nadu,Villupuram,Villupuram,PANAGKUPPAM,https://cdn.s3waas.gov.in/s3e44fea3bec53bcea3b7513ccef5857ac/uploads/2018/04/2018042337.pdf,172,runavalaV,true
Tamil Nadu,Villupuram,Villupuram,PANCHAMADEVI,https://cdn.s3waas.gov.in/s3e44fea3bec53bcea3b7513ccef5857ac/uploads/2018/04/2018042337.pdf,167,runavalaV,true
Tamil Nadu,Villupuram,Villupuram,PETHUREDDYKUPPAM,https://cdn.s3waas.gov.in/s3e44fea3bec53bcea3b7513ccef5857ac/uploads/2018/04/2018042337.pdf,188,runavalaV,true
Tamil Nadu,Villupuram,Villupuram,PILLUR,https://cdn.s3waas.gov.in/s3e44fea3bec53bcea3b7513ccef5857ac/uploads/2018/04/2018042337.pdf,95,runavalaV,true
Tamil Nadu,Villupuram,Villupuram,POYYAPPAKKAM,https://cdn.s3waas.gov.in/s3e44fea3bec53bcea3b7513ccef5857ac/uploads/2018/04/2018042337.pdf,148,runavalaV,true
Tamil Nadu,Villupuram,Villupuram,PUTHOOR,https://cdn.s3waas.gov.in/s3e44fea3bec53bcea3b7513ccef5857ac/uploads/2018/04/2018042337.pdf,193,runavalaV,true
Tamil Nadu,Villupuram,Villupuram,SALAI AGARAM,https://cdn.s3waas.gov.in/s3e44fea3bec53bcea3b7513ccef5857ac/uploads/2018/04/2018042337.pdf,153,(cid:169)(cid:163)(cid:427),true
Tamil Nadu,Villupuram,Villupuram,SALAYAMPALAYAM EAST,https://cdn.s3waas.gov.in/s3e44fea3bec53bcea3b7513ccef5857ac/uploads/2018/04/2018042337.pdf,168,(cid:169)(cid:163)(cid:427),true
Tamil Nadu,Villupuram,Villupuram,SALAYAMPALAYAM WEST,https://cdn.s3waas.gov.in/s3e44fea3bec53bcea3b7513ccef5857ac/uploads/2018/04/2018042337.pdf,168,(cid:169)(cid:163)(cid:427),true
Tamil Nadu,Villupuram,Villupuram,SENGADU,https://cdn.s3waas.gov.in/s3e44fea3bec53bcea3b7513ccef5857ac/uploads/2018/04/2018042337.pdf,186,(cid:169)(cid:163)(cid:427),true
Tamil Nadu,Villupuram,Villupuram,SERNTHANUR,https://cdn.s3waas.gov.in/s3e44fea3bec53bcea3b7513ccef5857ac/uploads/2018/04/2018042337.pdf,94,(cid:169)(cid:163)(cid:427),true
Tamil Nadu,Villupuram,Villupuram,THENGUCHIPALAYAM,https://cdn.s3waas.gov.in/s3e44fea3bec53bcea3b7513ccef5857ac/uploads/2018/04/2018042337.pdf,93,(cid:169)(cid:163)(cid:427),true
Tamil Nadu,Villupuram,Villupuram,THODARNTHANUR,https://cdn.s3waas.gov.in/s3e44fea3bec53bcea3b7513ccef5857ac/uploads/2018/04/2018042337.pdf,154,(cid:169)(cid:163)(cid:427),true
Tamil Nadu,Villupuram,Villupuram,V.AGARAM,https://cdn.s3waas.gov.in/s3e44fea3bec53bcea3b7513ccef5857ac/uploads/2018/04/2018042337.pdf,159,(cid:169)(cid:163)(cid:427),true
Tamil Nadu,Villupuram,Villupuram,VADAVAMPALAM,https://cdn.s3waas.gov.in/s3e44fea3bec53bcea3b7513ccef5857ac/uploads/2018/04/2018042337.pdf,162,(cid:169)(cid:163)(cid:427),true
Tamil Nadu,Villupuram,Villupuram,VADUKANATHANKUPPAM,https://cdn.s3waas.gov.in/s3e44fea3bec53bcea3b7513ccef5857ac/uploads/2018/04/2018042337.pdf,187,(cid:169)(cid:163)(cid:427),true
Tamil Nadu,Villupuram,Villupuram,VALAVANUR,https://cdn.s3waas.gov.in/s3e44fea3bec53bcea3b7513ccef5857ac/uploads/2018/04/2018042337.pdf,171,(cid:169)(cid:163)(cid:427),true
Tamil Nadu,Villupuram,Villupuram,AALATHUR,https://cdn.s3waas.gov.in/s3e44fea3bec53bcea3b7513ccef5857ac/uploads/2018/04/2018042337.pdf,105,(cid:169)(cid:163)(cid:427),true
Tamil Nadu,Villupuram,Villupuram,AANANGUR,https://cdn.s3waas.gov.in/s3e44fea3bec53bcea3b7513ccef5857ac/uploads/2018/04/2018042337.pdf,156,(cid:169)(cid:163)(cid:427),true
Tamil Nadu,Villupuram,Villupuram,AASARANGKUPPAM,https://cdn.s3waas.gov.in/s3e44fea3bec53bcea3b7513ccef5857ac/uploads/2018/04/2018042337.pdf,69,(cid:169)(cid:163)(cid:427),true
Tamil Nadu,Villupuram,Villupuram,ATHIYUR(TIRUVATHI),https://cdn.s3waas.gov.in/s3e44fea3bec53bcea3b7513ccef5857ac/uploads/2018/04/2018042337.pdf,88,(cid:169)(cid:163)(cid:427),true
Tamil Nadu,Villupuram,Villupuram,CHOZHAMPUNDI,https://cdn.s3waas.gov.in/s3e44fea3bec53bcea3b7513ccef5857ac/uploads/2018/04/2018042337.pdf,70,(cid:169)(cid:163)(cid:427),true
Tamil Nadu,Villupuram,Villupuram,EDAPPALAYUM,https://cdn.s3waas.gov.in/s3e44fea3bec53bcea3b7513ccef5857ac/uploads/2018/04/2018042337.pdf,71,(cid:169)(cid:163)(cid:427),true
Tamil Nadu,Villupuram,Villupuram,ERUMANANTHANGAL,https://cdn.s3waas.gov.in/s3e44fea3bec53bcea3b7513ccef5857ac/uploads/2018/04/2018042337.pdf,151,(cid:169)(cid:163)(cid:427),true
Tamil Nadu,Villupuram,Villupuram,KA.KUPPAM,https://cdn.s3waas.gov.in/s3e44fea3bec53bcea3b7513ccef5857ac/uploads/2018/04/2018042337.pdf,149,(cid:169)(cid:163)(cid:427),true
Tamil Nadu,Villupuram,Villupuram,KANDAMANADI,https://cdn.s3waas.gov.in/s3e44fea3bec53bcea3b7513ccef5857ac/uploads/2018/04/2018042337.pdf,100,(cid:169)(cid:163)(cid:427),true
Tamil Nadu,Villupuram,Villupuram,KANDAMPAKKAM,https://cdn.s3waas.gov.in/s3e44fea3bec53bcea3b7513ccef5857ac/uploads/2018/04/2018042337.pdf,88,(cid:169)(cid:163)(cid:427),true
Tamil Nadu,Villupuram,Villupuram,KANDIAMADAI,https://cdn.s3waas.gov.in/s3e44fea3bec53bcea3b7513ccef5857ac/uploads/2018/04/2018042337.pdf,84,(cid:169)(cid:163)(cid:427),true
Tamil Nadu,Villupuram,Villupuram,KAVANIPAKKAM,https://cdn.s3waas.gov.in/s3e44fea3bec53bcea3b7513ccef5857ac/uploads/2018/04/2018042337.pdf,96,(cid:169)(cid:163)(cid:427),true
Tamil Nadu,Villupuram,Villupuram,KEZHPERUMPAKKAM,https://cdn.s3waas.gov.in/s3e44fea3bec53bcea3b7513ccef5857ac/uploads/2018/04/2018042337.pdf,150,(cid:169)(cid:163)(cid:427),true
Tamil Nadu,Villupuram,Villupuram,KONDANGI,https://cdn.s3waas.gov.in/s3e44fea3bec53bcea3b7513ccef5857ac/uploads/2018/04/2018042337.pdf,82,maruppuliV,true
Tamil Nadu,Villupuram,Villupuram,KONGARAKONDAN,https://cdn.s3waas.gov.in/s3e44fea3bec53bcea3b7513ccef5857ac/uploads/2018/04/2018042337.pdf,90,maruppuliV,true
Tamil Nadu,Villupuram,Villupuram,MAHARAJAPURAM,https://cdn.s3waas.gov.in/s3e44fea3bec53bcea3b7513ccef5857ac/uploads/2018/04/2018042337.pdf,152,maruppuliV,true
Tamil Nadu,Villupuram,Villupuram,MARAGATHAPURAM,https://cdn.s3waas.gov.in/s3e44fea3bec53bcea3b7513ccef5857ac/uploads/2018/04/2018042337.pdf,85,maruppuliV,true
Tamil Nadu,Villupuram,Villupuram,NANNADU,https://cdn.s3waas.gov.in/s3e44fea3bec53bcea3b7513ccef5857ac/uploads/2018/04/2018042337.pdf,103,maruppuliV,true
Tamil Nadu,Villupuram,Villupuram,PANNAMPATTU,https://cdn.s3waas.gov.in/s3e44fea3bec53bcea3b7513ccef5857ac/uploads/2018/04/2018042337.pdf,155,maruppuliV,true
Tamil Nadu,Villupuram,Villupuram,PIDAGAM,https://cdn.s3waas.gov.in/s3e44fea3bec53bcea3b7513ccef5857ac/uploads/2018/04/2018042337.pdf,87,maruppuliV,true
Tamil Nadu,Villupuram,Villupuram,POONTHOTTAM,https://cdn.s3waas.gov.in/s3e44fea3bec53bcea3b7513ccef5857ac/uploads/2018/04/2018042337.pdf,107,maruppuliV,true
Tamil Nadu,Villupuram,Villupuram,SALAMEDU,https://cdn.s3waas.gov.in/s3e44fea3bec53bcea3b7513ccef5857ac/uploads/2018/04/2018042337.pdf,101,maruppuliV,true
Tamil Nadu,Villupuram,Villupuram,SITHATHUR THIRUKAI,https://cdn.s3waas.gov.in/s3e44fea3bec53bcea3b7513ccef5857ac/uploads/2018/04/2018042337.pdf,97,maruppuliV,true
Tamil Nadu,Villupuram,Villupuram,THALAVANUR,https://cdn.s3waas.gov.in/s3e44fea3bec53bcea3b7513ccef5857ac/uploads/2018/04/2018042337.pdf,91,maruppuliV,true
Tamil Nadu,Villupuram,Villupuram,THIRUPATCHANUR,https://cdn.s3waas.gov.in/s3e44fea3bec53bcea3b7513ccef5857ac/uploads/2018/04/2018042337.pdf,92,maruppuliV,true
Tamil Nadu,Villupuram,Villupuram,V.ARIYALUR,https://cdn.s3waas.gov.in/s3e44fea3bec53bcea3b7513ccef5857ac/uploads/2018/04/2018042337.pdf,98,maruppuliV,true
Tamil Nadu,Villupuram,Villupuram,V.MARUTHUR,https://cdn.s3waas.gov.in/s3e44fea3bec53bcea3b7513ccef5857ac/uploads/2018/04/2018042337.pdf,108,maruppuliV,true
Tamil Nadu,Villupuram,Villupuram,VAZHUTHEREDDY,https://cdn.s3waas.gov.in/s3e44fea3bec53bcea3b7513ccef5857ac/uploads/2018/04/2018042337.pdf,102,maruppuliV,true
Tamil Nadu,Villupuram,Villupuram,VEDAMPATTU,https://cdn.s3waas.gov.in/s3e44fea3bec53bcea3b7513ccef5857ac/uploads/2018/04/2018042337.pdf,104,maruppuliV,true
Tamil Nadu,Villupuram,Villupuram,VERATTIKUPPAM,https://cdn.s3waas.gov.in/s3e44fea3bec53bcea3b7513ccef5857ac/uploads/2018/04/2018042337.pdf,106,maruppuliV,true
Tamil Nadu,Villupuram,Villupuram,VEZHIYAMPAKKAM,https://cdn.s3waas.gov.in/s3e44fea3bec53bcea3b7513ccef5857ac/uploads/2018/04/2018042337.pdf,89,maruppuliV,true
Tamil Nadu,Villupuram,Villupuram,VILLUPURAM,https://cdn.s3waas.gov.in/s3e44fea3bec53bcea3b7513ccef5857ac/uploads/2018/04/2018042337.pdf,109,maruppuliV,true
Tamil Nadu,Villupuram,Vanur,AANPAKKAM,https://cdn.s3waas.gov.in/s3e44fea3bec53bcea3b7513ccef5857ac/uploads/2018/04/2018042350.pdf,33,,true
Tamil Nadu,Villupuram,Vanur,AAPIRAMPATTU,https://cdn.s3waas.gov.in/s3e44fea3bec53bcea3b7513ccef5857ac/uploads/2018/04/2018042350.pdf,39,,true
Tamil Nadu,Villupuram,Vanur,ARUVAPAKKAM,https://cdn.s3waas.gov.in/s3e44fea3bec53bcea3b7513ccef5857ac/uploads/2018/04/2018042350.pdf,2,,true
Tamil Nadu,Villupuram,Vanur,ATHANAPATTU,https://cdn.s3waas.gov.in/s3e44fea3bec53bcea3b7513ccef5857ac/uploads/2018/04/2018042350.pdf,25,,true
Tamil Nadu,Villupuram,Vanur,KATTRAMPAKKAM,https://cdn.s3waas.gov.in/s3e44fea3bec53bcea3b7513ccef5857ac/uploads/2018/04/2018042350.pdf,45,,true
Tamil Nadu,Villupuram,Vanur,KEELKOOTHAPAKKAM,https://cdn.s3waas.gov.in/s3e44fea3bec53bcea3b7513ccef5857ac/uploads/2018/04/2018042350.pdf,30,,true
Tamil Nadu,Villupuram,Vanur,KIZHIYANUR(EAST),https://cdn.s3waas.gov.in/s3e44fea3bec53bcea3b7513ccef5857ac/uploads/2018/04/2018042350.pdf,22,,true
Tamil Nadu,Villupuram,Vanur,KIZHIYANUR(WEST),https://cdn.s3waas.gov.in/s3e44fea3bec53bcea3b7513ccef5857ac/uploads/2018/04/2018042350.pdf,22,,true
Tamil Nadu,Villupuram,Vanur,KODUR,https://cdn.s3waas.gov.in/s3e44fea3bec53bcea3b7513ccef5857ac/uploads/2018/04/2018042350.pdf,40,,true
Tamil Nadu,Villupuram,Vanur,KONDAMOOR,https://cdn.s3waas.gov.in/s3e44fea3bec53bcea3b7513ccef5857ac/uploads/2018/04/2018042350.pdf,3,runayaliK,true
Tamil Nadu,Villupuram,Vanur,MURUKKAM,https://cdn.s3waas.gov.in/s3e44fea3bec53bcea3b7513ccef5857ac/uploads/2018/04/2018042350.pdf,29,runayaliK,true
Tamil Nadu,Villupuram,Vanur,OLINTHIYAMPATTU,https://cdn.s3waas.gov.in/s3e44fea3bec53bcea3b7513ccef5857ac/uploads/2018/04/2018042350.pdf,44,runayaliK,true
Tamil Nadu,Villupuram,Vanur,PARIKALPATTU,https://cdn.s3waas.gov.in/s3e44fea3bec53bcea3b7513ccef5857ac/uploads/2018/04/2018042350.pdf,26,runayaliK,true
Tamil Nadu,Villupuram,Vanur,RAYAOTTAI,https://cdn.s3waas.gov.in/s3e44fea3bec53bcea3b7513ccef5857ac/uploads/2018/04/2018042350.pdf,41,runayaliK,true
Tamil Nadu,Villupuram,Vanur,SIRUNAVUR,https://cdn.s3waas.gov.in/s3e44fea3bec53bcea3b7513ccef5857ac/uploads/2018/04/2018042350.pdf,28,runayaliK,true
Tamil Nadu,Villupuram,Vanur,THAILAPURAM,https://cdn.s3waas.gov.in/s3e44fea3bec53bcea3b7513ccef5857ac/uploads/2018/04/2018042350.pdf,32,runayaliK,true
Tamil Nadu,Villupuram,Vanur,THENKODIPPAKKAM,https://cdn.s3waas.gov.in/s3e44fea3bec53bcea3b7513ccef5857ac/uploads/2018/04/2018042350.pdf,1,runayaliK,true
Tamil Nadu,Villupuram,Vanur,THENNEGARAM,https://cdn.s3waas.gov.in/s3e44fea3bec53bcea3b7513ccef5857ac/uploads/2018/04/2018042350.pdf,31,runayaliK,true
Tamil Nadu,Villupuram,Vanur,THENSIRUVALUR,https://cdn.s3waas.gov.in/s3e44fea3bec53bcea3b7513ccef5857ac/uploads/2018/04/2018042350.pdf,24,runayaliK,true
Tamil Nadu,Villupuram,Vanur,THERKUNAM,https://cdn.s3waas.gov.in/s3e44fea3bec53bcea3b7513ccef5857ac/uploads/2018/04/2018042350.pdf,23,runayaliK,true
Tamil Nadu,Villupuram,Vanur,V.KENIPPATTU,https://cdn.s3waas.gov.in/s3e44fea3bec53bcea3b7513ccef5857ac/uploads/2018/04/2018042350.pdf,46,runayaliK,true
Tamil Nadu,Villupuram,Vanur,VILLVANATHAM,https://cdn.s3waas.gov.in/s3e44fea3bec53bcea3b7513ccef5857ac/uploads/2018/04/2018042350.pdf,34,runayaliK,true
Tamil Nadu,Villupuram,Vanur,AMMPULUKKAI,https://cdn.s3waas.gov.in/s3e44fea3bec53bcea3b7513ccef5857ac/uploads/2018/04/2018042350.pdf,60,runayaliK,true
Tamil Nadu,Villupuram,Vanur,EDAIYAPATTU,https://cdn.s3waas.gov.in/s3e44fea3bec53bcea3b7513ccef5857ac/uploads/2018/04/2018042350.pdf,55,runayaliK,true
Tamil Nadu,Villupuram,Vanur,ELAIYANDIPPATTU,https://cdn.s3waas.gov.in/s3e44fea3bec53bcea3b7513ccef5857ac/uploads/2018/04/2018042350.pdf,58,runayaliK,true
Tamil Nadu,Villupuram,Vanur,ELAVAMPATTU,https://cdn.s3waas.gov.in/s3e44fea3bec53bcea3b7513ccef5857ac/uploads/2018/04/2018042350.pdf,48,runayaliK,true
Tamil Nadu,Villupuram,Vanur,ERAIYUR,https://cdn.s3waas.gov.in/s3e44fea3bec53bcea3b7513ccef5857ac/uploads/2018/04/2018042350.pdf,51,runayaliK,true
Tamil Nadu,Villupuram,Vanur,KADAGAMPATTU,https://cdn.s3waas.gov.in/s3e44fea3bec53bcea3b7513ccef5857ac/uploads/2018/04/2018042350.pdf,63,runayaliK,true
Tamil Nadu,Villupuram,Vanur,KARASANUR,https://cdn.s3waas.gov.in/s3e44fea3bec53bcea3b7513ccef5857ac/uploads/2018/04/2018042350.pdf,50,runayaliK,true
Tamil Nadu,Villupuram,Vanur,KONDALANGKUPPAM,https://cdn.s3waas.gov.in/s3e44fea3bec53bcea3b7513ccef5857ac/uploads/2018/04/2018042350.pdf,65,runayaliK,true
Tamil Nadu,Villupuram,Vanur,KORAKKENI,https://cdn.s3waas.gov.in/s3e44fea3bec53bcea3b7513ccef5857ac/uploads/2018/04/2018042350.pdf,59,runayaliK,true
Tamil Nadu,Villupuram,Vanur,KUNNAM,https://cdn.s3waas.gov.in/s3e44fea3bec53bcea3b7513ccef5857ac/uploads/2018/04/2018042350.pdf,49,ilimeN,true
Tamil Nadu,Villupuram,Vanur,NEMILI,https://cdn.s3waas.gov.in/s3e44fea3bec53bcea3b7513ccef5857ac/uploads/2018/04/2018042350.pdf,52,ilimeN,true
Tamil Nadu,Villupuram,Vanur,PERUMPAKKAM,https://cdn.s3waas.gov.in/s3e44fea3bec53bcea3b7513ccef5857ac/uploads/2018/04/2018042350.pdf,27,ilimeN,true
Tamil Nadu,Villupuram,Vanur,POMBUR,https://cdn.s3waas.gov.in/s3e44fea3bec53bcea3b7513ccef5857ac/uploads/2018/04/2018042350.pdf,56,ilimeN,true
Tamil Nadu,Villupuram,Vanur,PONNAMPOONDI,https://cdn.s3waas.gov.in/s3e44fea3bec53bcea3b7513ccef5857ac/uploads/2018/04/2018042350.pdf,53,ilimeN,true
Tamil Nadu,Villupuram,Vanur,SEMANGALAM,https://cdn.s3waas.gov.in/s3e44fea3bec53bcea3b7513ccef5857ac/uploads/2018/04/2018042350.pdf,47,ilimeN,true
Tamil Nadu,Villupuram,Vanur,SENGAMEDU,https://cdn.s3waas.gov.in/s3e44fea3bec53bcea3b7513ccef5857ac/uploads/2018/04/2018042350.pdf,62,ilimeN,true
Tamil Nadu,Villupuram,Vanur,SIRUVAI,https://cdn.s3waas.gov.in/s3e44fea3bec53bcea3b7513ccef5857ac/uploads/2018/04/2018042350.pdf,54,ilimeN,true
Tamil Nadu,Villupuram,Vanur,THIRUVAKKARAI,https://cdn.s3waas.gov.in/s3e44fea3bec53bcea3b7513ccef5857ac/uploads/2018/04/2018042350.pdf,61,ilimeN,true
Tamil Nadu,Villupuram,Vanur,THOLLAMUR,https://cdn.s3waas.gov.in/s3e44fea3bec53bcea3b7513ccef5857ac/uploads/2018/04/2018042350.pdf,64,ilimeN,true
Tamil Nadu,Villupuram,Vanur,V.PARANGANI,https://cdn.s3waas.gov.in/s3e44fea3bec53bcea3b7513ccef5857ac/uploads/2018/04/2018042350.pdf,66,ilimeN,true
Tamil Nadu,Villupuram,Vanur,YAIVELI,https://cdn.s3waas.gov.in/s3e44fea3bec53bcea3b7513ccef5857ac/uploads/2018/04/2018042350.pdf,57,ilimeN,true
Tamil Nadu,Villupuram,Vanur,AAKASAMPATTU,https://cdn.s3waas.gov.in/s3e44fea3bec53bcea3b7513ccef5857ac/uploads/2018/04/2018042350.pdf,71,ilimeN,true
Tamil Nadu,Villupuram,Vanur,ACHCHARAMPATTU,https://cdn.s3waas.gov.in/s3e44fea3bec53bcea3b7513ccef5857ac/uploads/2018/04/2018042350.pdf,77,ilimeN,true
Tamil Nadu,Villupuram,Vanur,BOMMAIYARPALAYAM,https://cdn.s3waas.gov.in/s3e44fea3bec53bcea3b7513ccef5857ac/uploads/2018/04/2018042350.pdf,79,ilimeN,true
Tamil Nadu,Villupuram,Vanur,ERUMPAI,https://cdn.s3waas.gov.in/s3e44fea3bec53bcea3b7513ccef5857ac/uploads/2018/04/2018042350.pdf,78,ilimeN,true
Tamil Nadu,Villupuram,Vanur,KADAPERIKUPPAM,https://cdn.s3waas.gov.in/s3e44fea3bec53bcea3b7513ccef5857ac/uploads/2018/04/2018042350.pdf,72,ilimeN,true
Tamil Nadu,Villupuram,Vanur,KOTTAKUPPAM,https://cdn.s3waas.gov.in/s3e44fea3bec53bcea3b7513ccef5857ac/uploads/2018/04/2018042350.pdf,80,ilimeN,true
Tamil Nadu,Villupuram,Vanur,MATHUR,https://cdn.s3waas.gov.in/s3e44fea3bec53bcea3b7513ccef5857ac/uploads/2018/04/2018042350.pdf,37,ilimeN,true
Tamil Nadu,Villupuram,Vanur,OOTTAI,https://cdn.s3waas.gov.in/s3e44fea3bec53bcea3b7513ccef5857ac/uploads/2018/04/2018042350.pdf,68,ilimeN,true
Tamil Nadu,Villupuram,Vanur,PATTANUR,https://cdn.s3waas.gov.in/s3e44fea3bec53bcea3b7513ccef5857ac/uploads/2018/04/2018042350.pdf,75,ilimeN,true
Tamil Nadu,Villupuram,Vanur,PERAMPAI,https://cdn.s3waas.gov.in/s3e44fea3bec53bcea3b7513ccef5857ac/uploads/2018/04/2018042350.pdf,73,ilimeN,true
Tamil Nadu,Villupuram,Vanur,POOTHURAI,https://cdn.s3waas.gov.in/s3e44fea3bec53bcea3b7513ccef5857ac/uploads/2018/04/2018042350.pdf,74,ilimeN,true
Tamil Nadu,Villupuram,Vanur,PUZHICHAPALLAM,https://cdn.s3waas.gov.in/s3e44fea3bec53bcea3b7513ccef5857ac/uploads/2018/04/2018042350.pdf,70,ilimeN,true
Tamil Nadu,Villupuram,Vanur,RAYAPUTHUPAKKAM,https://cdn.s3waas.gov.in/s3e44fea3bec53bcea3b7513ccef5857ac/uploads/2018/04/2018042350.pdf,42,ilimeN,true
Tamil Nadu,Villupuram,Vanur,THIRUSITTAMPALAM,https://cdn.s3waas.gov.in/s3e44fea3bec53bcea3b7513ccef5857ac/uploads/2018/04/2018042350.pdf,76,ilimeN,true
Tamil Nadu,Villupuram,Vanur,THURUVAI,https://cdn.s3waas.gov.in/s3e44fea3bec53bcea3b7513ccef5857ac/uploads/2018/04/2018042350.pdf,43,ilimeN,true
Tamil Nadu,Villupuram,Vanur,V.PUTHUPAKKAM,https://cdn.s3waas.gov.in/s3e44fea3bec53bcea3b7513ccef5857ac/uploads/2018/04/2018042350.pdf,67,ilimeN,true
Tamil Nadu,Villupuram,Vanur,VANUR,https://cdn.s3waas.gov.in/s3e44fea3bec53bcea3b7513ccef5857ac/uploads/2018/04/2018042350.pdf,69,ilimeN,true
Tamil Nadu,Villupuram,Vanur,ARUVADAI,https://cdn.s3waas.gov.in/s3e44fea3bec53bcea3b7513ccef5857ac/uploads/2018/04/2018042350.pdf,18,ilimeN,true
Tamil Nadu,Villupuram,Vanur,DEVANANTHAL,https://cdn.s3waas.gov.in/s3e44fea3bec53bcea3b7513ccef5857ac/uploads/2018/04/2018042350.pdf,16,ilimeN,true
Tamil Nadu,Villupuram,Vanur,EDAICHERI,https://cdn.s3waas.gov.in/s3e44fea3bec53bcea3b7513ccef5857ac/uploads/2018/04/2018042350.pdf,19,ilimeN,true
Tamil Nadu,Villupuram,Vanur,KARATTAI,https://cdn.s3waas.gov.in/s3e44fea3bec53bcea3b7513ccef5857ac/uploads/2018/04/2018042350.pdf,17,ilimeN,true
Tamil Nadu,Villupuram,Vanur,KAYALMEDU,https://cdn.s3waas.gov.in/s3e44fea3bec53bcea3b7513ccef5857ac/uploads/2018/04/2018042350.pdf,12,ilimeN,true
Tamil Nadu,Villupuram,Vanur,KAZHUPERUMPAKKAM,https://cdn.s3waas.gov.in/s3e44fea3bec53bcea3b7513ccef5857ac/uploads/2018/04/2018042350.pdf,35,ilimeN,true
Tamil Nadu,Villupuram,Vanur,KILAPPAKKAM,https://cdn.s3waas.gov.in/s3e44fea3bec53bcea3b7513ccef5857ac/uploads/2018/04/2018042350.pdf,14,ilimeN,true
Tamil Nadu,Villupuram,Vanur,KOMADIPATTU,https://cdn.s3waas.gov.in/s3e44fea3bec53bcea3b7513ccef5857ac/uploads/2018/04/2018042350.pdf,10,ilimeN,true
Tamil Nadu,Villupuram,Vanur,KONJIMANGALAM,https://cdn.s3waas.gov.in/s3e44fea3bec53bcea3b7513ccef5857ac/uploads/2018/04/2018042350.pdf,21,erolevuppU,true
Tamil Nadu,Villupuram,Vanur,KOZHUVARI,https://cdn.s3waas.gov.in/s3e44fea3bec53bcea3b7513ccef5857ac/uploads/2018/04/2018042350.pdf,36,erolevuppU,true
Tamil Nadu,Villupuram,Vanur,KUMALAMPATTU,https://cdn.s3waas.gov.in/s3e44fea3bec53bcea3b7513ccef5857ac/uploads/2018/04/2018042350.pdf,8,erolevuppU,true
Tamil Nadu,Villupuram,Vanur,NALLAVUR,https://cdn.s3waas.gov.in/s3e44fea3bec53bcea3b7513ccef5857ac/uploads/2018/04/2018042350.pdf,4,erolevuppU,true
Tamil Nadu,Villupuram,Vanur,NESAL,https://cdn.s3waas.gov.in/s3e44fea3bec53bcea3b7513ccef5857ac/uploads/2018/04/2018042350.pdf,38,erolevuppU,true
Tamil Nadu,Villupuram,Vanur,PERAVUR,https://cdn.s3waas.gov.in/s3e44fea3bec53bcea3b7513ccef5857ac/uploads/2018/04/2018042350.pdf,5,erolevuppU,true
Tamil Nadu,Villupuram,Vanur,PUTHUKUPPAM,https://cdn.s3waas.gov.in/s3e44fea3bec53bcea3b7513ccef5857ac/uploads/2018/04/2018042350.pdf,20,erolevuppU,true
Tamil Nadu,Villupuram,Vanur,SITHANAPAKKAM,https://cdn.s3waas.gov.in/s3e44fea3bec53bcea3b7513ccef5857ac/uploads/2018/04/2018042350.pdf,13,erolevuppU,true
Tamil Nadu,Villupuram,Vanur,T.PARANGANNI,https://cdn.s3waas.gov.in/s3e44fea3bec53bcea3b7513ccef5857ac/uploads/2018/04/2018042350.pdf,7,erolevuppU,true
Tamil Nadu,Villupuram,Vanur,THALAIYANNAIKUPPAM,https://cdn.s3waas.gov.in/s3e44fea3bec53bcea3b7513ccef5857ac/uploads/2018/04/2018042350.pdf,11,erolevuppU,true
Tamil Nadu,Villupuram,Vanur,ULAGAPURAM,https://cdn.s3waas.gov.in/s3e44fea3bec53bcea3b7513ccef5857ac/uploads/2018/04/2018042350.pdf,6,erolevuppU,true
Tamil Nadu,Villupuram,Vanur,UPPUVELLORE,https://cdn.s3waas.gov.in/s3e44fea3bec53bcea3b7513ccef5857ac/uploads/2018/04/2018042350.pdf,9,erolevuppU,true
Tamil Nadu,Villupuram,Vanur,VENGARAM,https://cdn.s3waas.gov.in/s3e44fea3bec53bcea3b7513ccef5857ac/uploads/2018/04/2018042350.pdf,15,erolevuppU,true
Tamil Nadu,Villupuram,Tindivanam,AATHIKUPPAM,https://cdn.s3waas.gov.in/s3e44fea3bec53bcea3b7513ccef5857ac/uploads/2021/02/2021020576.pdf,,,true
Tamil Nadu,Villupuram,Tindivanam,ANGKANIKUPPAM,https://cdn.s3waas.gov.in/s3e44fea3bec53bcea3b7513ccef5857ac/uploads/2021/02/2021020576.pdf,,,true
Tamil Nadu,Villupuram,Tindivanam,ARIYANGKUPPAM,https://cdn.s3waas.gov.in/s3e44fea3bec53bcea3b7513ccef5857ac/uploads/2021/02/2021020576.pdf,,,true
Tamil Nadu,Villupuram,Tindivanam,GANAPATHIPATTU,https://cdn.s3waas.gov.in/s3e44fea3bec53bcea3b7513ccef5857ac/uploads/2021/02/2021020576.pdf,,,true
Tamil Nadu,Villupuram,Tindivanam,KALLAKKOLATHUR,https://cdn.s3waas.gov.in/s3e44fea3bec53bcea3b7513ccef5857ac/uploads/2021/02/2021020576.pdf,,,true
Tamil Nadu,Villupuram,Tindivanam,KANNIYAM,https://cdn.s3waas.gov.in/s3e44fea3bec53bcea3b7513ccef5857ac/uploads/2021/02/2021020576.pdf,,,true
Tamil Nadu,Villupuram,Tindivanam,KOLLIYANGUNAM,https://cdn.s3waas.gov.in/s3e44fea3bec53bcea3b7513ccef5857ac/uploads/2021/02/2021020576.pdf,,,true
Tamil Nadu,Villupuram,Tindivanam,KONNAMANGALAM,https://cdn.s3waas.gov.in/s3e44fea3bec53bcea3b7513ccef5857ac/uploads/2021/02/2021020576.pdf,,,true
Tamil Nadu,Villupuram,Tindivanam,KORALUR,https://cdn.s3waas.gov.in/s3e44fea3bec53bcea3b7513ccef5857ac/uploads/2021/02/2021020576.pdf,,,true
Tamil Nadu,Villupuram,Tindivanam,MAILAM,https://cdn.s3waas.gov.in/s3e44fea3bec53bcea3b7513ccef5857ac/uploads/2021/02/2021020576.pdf,,,true
Tamil Nadu,Villupuram,Tindivanam,NALLAMUR,https://cdn.s3waas.gov.in/s3e44fea3bec53bcea3b7513ccef5857ac/uploads/2021/02/2021020576.pdf,,,true
Tamil Nadu,Villupuram,Tindivanam,PATHIRAPPULIYUR,https://cdn.s3waas.gov.in/s3e44fea3bec53bcea3b7513ccef5857ac/uploads/2021/02/2021020576.pdf,,,true
Tamil Nadu,Villupuram,Tindivanam,SENDUR,https://cdn.s3waas.gov.in/s3e44fea3bec53bcea3b7513ccef5857ac/uploads/2021/02/2021020576.pdf,,,true
Tamil Nadu,Villupuram,Tindivanam,TAZHUTHALI,https://cdn.s3waas.gov.in/s3e44fea3bec53bcea3b7513ccef5857ac/uploads/2021/02/2021020576.pdf,,,true
Tamil Nadu,Villupuram,Tindivanam,THENALAPAKKAM,https://cdn.s3waas.gov.in/s3e44fea3bec53bcea3b7513ccef5857ac/uploads/2021/02/2021020576.pdf,,,true
Tamil Nadu,Villupuram,Tindivanam,THENKOLAPAKAM,https://cdn.s3waas.gov.in/s3e44fea3bec53bcea3b7513ccef5857ac/uploads/2021/02/2021020576.pdf,,,true
Tamil Nadu,Villupuram,Tindivanam,VEEDUR EAST,https://cdn.s3waas.gov.in/s3e44fea3bec53bcea3b7513ccef5857ac/uploads/2021/02/2021020576.pdf,,,true
Tamil Nadu,Villupuram,Tindivanam,VELIYANUR,https://cdn.s3waas.gov.in/s3e44fea3bec53bcea3b7513ccef5857ac/uploads/2021/02/2021020576.pdf,,,true
Tamil Nadu,Villupuram,Tindivanam,VILAKAMPADI,https://cdn.s3waas.gov.in/s3e44fea3bec53bcea3b7513ccef5857ac/uploads/2021/02/2021020576.pdf,,,true
Tamil Nadu,Villupuram,Tindivanam,VEEDUR WEST,https://cdn.s3waas.gov.in/s3e44fea3bec53bcea3b7513ccef5857ac/uploads/2021/02/2021020576.pdf,,,true
Tamil Nadu,Villupuram,Tindivanam,AAKUR,https://cdn.s3waas.gov.in/s3e44fea3bec53bcea3b7513ccef5857ac/uploads/2021/02/2021020576.pdf,,,true
Tamil Nadu,Villupuram,Tindivanam,AASUR,https://cdn.s3waas.gov.in/s3e44fea3bec53bcea3b7513ccef5857ac/uploads/2021/02/2021020576.pdf,,,true
Tamil Nadu,Villupuram,Tindivanam,ELAMANGALAM,https://cdn.s3waas.gov.in/s3e44fea3bec53bcea3b7513ccef5857ac/uploads/2021/02/2021020576.pdf,,,true
Tamil Nadu,Villupuram,Tindivanam,KATTUSIVIRI,https://cdn.s3waas.gov.in/s3e44fea3bec53bcea3b7513ccef5857ac/uploads/2021/02/2021020576.pdf,,,true
Tamil Nadu,Villupuram,Tindivanam,KOLLAAR,https://cdn.s3waas.gov.in/s3e44fea3bec53bcea3b7513ccef5857ac/uploads/2021/02/2021020576.pdf,,,true
Tamil Nadu,Villupuram,Tindivanam,MANNAMPOONDI,https://cdn.s3waas.gov.in/s3e44fea3bec53bcea3b7513ccef5857ac/uploads/2021/02/2021020576.pdf,,,true
Tamil Nadu,Villupuram,Tindivanam,MELPERADIKUPPAM,https://cdn.s3waas.gov.in/s3e44fea3bec53bcea3b7513ccef5857ac/uploads/2021/02/2021020576.pdf,,,true
Tamil Nadu,Villupuram,Tindivanam,MUTTIYUR,https://cdn.s3waas.gov.in/s3e44fea3bec53bcea3b7513ccef5857ac/uploads/2021/02/2021020576.pdf,,,true
Tamil Nadu,Villupuram,Tindivanam,NADUVANANTHAL,https://cdn.s3waas.gov.in/s3e44fea3bec53bcea3b7513ccef5857ac/uploads/2021/02/2021020576.pdf,,,true
Tamil Nadu,Villupuram,Tindivanam,PAMPUNDI,https://cdn.s3waas.gov.in/s3e44fea3bec53bcea3b7513ccef5857ac/uploads/2021/02/2021020576.pdf,,,true
Tamil Nadu,Villupuram,Tindivanam,PATTANAM,https://cdn.s3waas.gov.in/s3e44fea3bec53bcea3b7513ccef5857ac/uploads/2021/02/2021020576.pdf,,Deevanur,true
Tamil Nadu,Villupuram,Tindivanam,PELAKUPPAM,https://cdn.s3waas.gov.in/s3e44fea3bec53bcea3b7513ccef5857ac/uploads/2021/02/2021020576.pdf,,Deevanur,true
Tamil Nadu,Villupuram,Tindivanam,PERAMANDOOR EAST,https://cdn.s3waas.gov.in/s3e44fea3bec53bcea3b7513ccef5857ac/uploads/2021/02/2021020576.pdf,,Deevanur,true
Tamil Nadu,Villupuram,Tindivanam,PERAMANDOOR WEST,https://cdn.s3waas.gov.in/s3e44fea3bec53bcea3b7513ccef5857ac/uploads/2021/02/2021020576.pdf,,Deevanur,true
Tamil Nadu,Villupuram,Tindivanam,PULIYANUR,https://cdn.s3waas.gov.in/s3e44fea3bec53bcea3b7513ccef5857ac/uploads/2021/02/2021020576.pdf,,Deevanur,true
Tamil Nadu,Villupuram,Tindivanam,SALAI,https://cdn.s3waas.gov.in/s3e44fea3bec53bcea3b7513ccef5857ac/uploads/2021/02/2021020576.pdf,,Deevanur,true
Tamil Nadu,Villupuram,Tindivanam,THANIAL,https://cdn.s3waas.gov.in/s3e44fea3bec53bcea3b7513ccef5857ac/uploads/2021/02/2021020576.pdf,,Deevanur,true
Tamil Nadu,Villupuram,Tindivanam,THEEVANUR,https://cdn.s3waas.gov.in/s3e44fea3bec53bcea3b7513ccef5857ac/uploads/2021/02/2021020576.pdf,,Deevanur,true
Tamil Nadu,Villupuram,Tindivanam,VEMPOONDI,https://cdn.s3waas.gov.in/s3e44fea3bec53bcea3b7513ccef5857ac/uploads/2021/02/2021020576.pdf,,Deevanur,true
Tamil Nadu,Villupuram,Tindivanam,VENMANIYATHUR,https://cdn.s3waas.gov.in/s3e44fea3bec53bcea3b7513ccef5857ac/uploads/2021/02/2021020576.pdf,,Deevanur,true
Tamil Nadu,Villupuram,Tindivanam,VIZHUKKAM,https://cdn.s3waas.gov.in/s3e44fea3bec53bcea3b7513ccef5857ac/uploads/2021/02/2021020576.pdf,,Deevanur,true
Tamil Nadu,Villupuram,Tindivanam,AALAGRAMAM WEST,https://cdn.s3waas.gov.in/s3e44fea3bec53bcea3b7513ccef5857ac/uploads/2021/02/2021020576.pdf,,Deevanur,true
Tamil Nadu,Villupuram,Tindivanam,ALAGRAMAM EAST,https://cdn.s3waas.gov.in/s3e44fea3bec53bcea3b7513ccef5857ac/uploads/2021/02/2021020576.pdf,,Deevanur,true
Tamil Nadu,Villupuram,Tindivanam,AVAIYARKUPPAM,https://cdn.s3waas.gov.in/s3e44fea3bec53bcea3b7513ccef5857ac/uploads/2021/02/2021020576.pdf,,Deevanur,true
Tamil Nadu,Villupuram,Tindivanam,CHINNA VALAVANUR,https://cdn.s3waas.gov.in/s3e44fea3bec53bcea3b7513ccef5857ac/uploads/2021/02/2021020576.pdf,,Deevanur,true
Tamil Nadu,Villupuram,Tindivanam,CHINNANERKUNAM,https://cdn.s3waas.gov.in/s3e44fea3bec53bcea3b7513ccef5857ac/uploads/2021/02/2021020576.pdf,,Deevanur,true
Tamil Nadu,Villupuram,Tindivanam,EZHAAY,https://cdn.s3waas.gov.in/s3e44fea3bec53bcea3b7513ccef5857ac/uploads/2021/02/2021020576.pdf,,Deevanur,true
Tamil Nadu,Villupuram,Tindivanam,KODIMA,https://cdn.s3waas.gov.in/s3e44fea3bec53bcea3b7513ccef5857ac/uploads/2021/02/2021020576.pdf,,Deevanur,true
Tamil Nadu,Villupuram,Tindivanam,KOOTTERIPATTU,https://cdn.s3waas.gov.in/s3e44fea3bec53bcea3b7513ccef5857ac/uploads/2021/02/2021020576.pdf,,Deevanur,true
Tamil Nadu,Villupuram,Tindivanam,MUPPULI,https://cdn.s3waas.gov.in/s3e44fea3bec53bcea3b7513ccef5857ac/uploads/2021/02/2021020576.pdf,,Deevanur,true
Tamil Nadu,Villupuram,Tindivanam,NEDIMOZHIYANOOR,https://cdn.s3waas.gov.in/s3e44fea3bec53bcea3b7513ccef5857ac/uploads/2021/02/2021020576.pdf,,Deevanur,true
Tamil Nadu,Villupuram,Tindivanam,PALAPPATTU,https://cdn.s3waas.gov.in/s3e44fea3bec53bcea3b7513ccef5857ac/uploads/2021/02/2021020576.pdf,,Deevanur,true
Tamil Nadu,Villupuram,Tindivanam,PANTHAMANGALAM,https://cdn.s3waas.gov.in/s3e44fea3bec53bcea3b7513ccef5857ac/uploads/2021/02/2021020576.pdf,,Deevanur,true
Tamil Nadu,Villupuram,Tindivanam,PERANI,https://cdn.s3waas.gov.in/s3e44fea3bec53bcea3b7513ccef5857ac/uploads/2021/02/2021020576.pdf,,Rettanai,true
Tamil Nadu,Villupuram,Tindivanam,PERIATHATCHUR (SOUTH),https://cdn.s3waas.gov.in/s3e44fea3bec53bcea3b7513ccef5857ac/uploads/2021/02/2021020576.pdf,,ெரட்டைண,true
Tamil Nadu,Villupuram,Tindivanam,PERIATHATCHUR NORTH,https://cdn.s3waas.gov.in/s3e44fea3bec53bcea3b7513ccef5857ac/uploads/2021/02/2021020576.pdf,,ெரட்டைண,true
Tamil Nadu,Villupuram,Tindivanam,RETTANAI (WEST),https://cdn.s3waas.gov.in/s3e44fea3bec53bcea3b7513ccef5857ac/uploads/2021/02/2021020576.pdf,,ெரட்டைண,true
Tamil Nadu,Villupuram,Tindivanam,RETTANI EAST,https://cdn.s3waas.gov.in/s3e44fea3bec53bcea3b7513ccef5857ac/uploads/2021/02/2021020576.pdf,,ெரட்டைண,true
Tamil Nadu,Villupuram,Tindivanam,SE.KOTHAMANGALAM,https://cdn.s3waas.gov.in/s3e44fea3bec53bcea3b7513ccef5857ac/uploads/2021/02/2021020576.pdf,,ெரட்டைண,true
Tamil Nadu,Villupuram,Tindivanam,SENDIYAMPAKKAM,https://cdn.s3waas.gov.in/s3e44fea3bec53bcea3b7513ccef5857ac/uploads/2021/02/2021020576.pdf,,ெரட்டைண,true
Tamil Nadu,Villupuram,Tindivanam,CHITHANI,https://cdn.s3waas.gov.in/s3e44fea3bec53bcea3b7513ccef5857ac/uploads/2021/02/2021020576.pdf,,ெரட்டைண,true
Tamil Nadu,Villupuram,Tindivanam,SOZHI SOKKUNAM,https://cdn.s3waas.gov.in/s3e44fea3bec53bcea3b7513ccef5857ac/uploads/2021/02/2021020576.pdf,,ெரட்டைண,true
Tamil Nadu,Villupuram,Tindivanam,T.KENIPATTU,https://cdn.s3waas.gov.in/s3e44fea3bec53bcea3b7513ccef5857ac/uploads/2021/02/2021020576.pdf,,ெரட்டைண,true
Tamil Nadu,Villupuram,Tindivanam,V.NALLALAM,https://cdn.s3waas.gov.in/s3e44fea3bec53bcea3b7513ccef5857ac/uploads/2021/02/2021020576.pdf,,ெரட்டைண,true
Tamil Nadu,Villupuram,Tindivanam,V.PANCHALAM,https://cdn.s3waas.gov.in/s3e44fea3bec53bcea3b7513ccef5857ac/uploads/2021/02/2021020576.pdf,,ெரட்டைண,true
Tamil Nadu,Villupuram,Tindivanam,VENGANTHUR,https://cdn.s3waas.gov.in/s3e44fea3bec53bcea3b7513ccef5857ac/uploads/2021/02/2021020576.pdf,,ெரட்டைண,true
Tamil Nadu,Villupuram,Tindivanam,ANDAPPATTU,https://cdn.s3waas.gov.in/s3e44fea3bec53bcea3b7513ccef5857ac/uploads/2021/02/2021020576.pdf,,ெரட்டைண,true
Tamil Nadu,Villupuram,Tindivanam,EECHERY,https://cdn.s3waas.gov.in/s3e44fea3bec53bcea3b7513ccef5857ac/uploads/2021/02/2021020576.pdf,,ெரட்டைண,true
Tamil Nadu,Villupuram,Tindivanam,EPPAKKAM,https://cdn.s3waas.gov.in/s3e44fea3bec53bcea3b7513ccef5857ac/uploads/2021/02/2021020576.pdf,,ெரட்டைண,true
Tamil Nadu,Villupuram,Tindivanam,KAMPOOR,https://cdn.s3waas.gov.in/s3e44fea3bec53bcea3b7513ccef5857ac/uploads/2021/02/2021020576.pdf,,ெரட்டைண,true
Tamil Nadu,Villupuram,Tindivanam,KARIKKAMPATTU,https://cdn.s3waas.gov.in/s3e44fea3bec53bcea3b7513ccef5857ac/uploads/2021/02/2021020576.pdf,,ெரட்டைண,true
Tamil Nadu,Villupuram,Tindivanam,KEEZHATHANUR,https://cdn.s3waas.gov.in/s3e44fea3bec53bcea3b7513ccef5857ac/uploads/2021/02/2021020576.pdf,,ெரட்டைண,true
Tamil Nadu,Villupuram,Tindivanam,KEEZHKOODALUR,https://cdn.s3waas.gov.in/s3e44fea3bec53bcea3b7513ccef5857ac/uploads/2021/02/2021020576.pdf,,ெரட்டைண,true
Tamil Nadu,Villupuram,Tindivanam,KOOCHIKULATHOOR,https://cdn.s3waas.gov.in/s3e44fea3bec53bcea3b7513ccef5857ac/uploads/2021/02/2021020576.pdf,,ெரட்டைண,true
Tamil Nadu,Villupuram,Tindivanam,MANGALAM,https://cdn.s3waas.gov.in/s3e44fea3bec53bcea3b7513ccef5857ac/uploads/2021/02/2021020576.pdf,,ெரட்டைண,true
Tamil Nadu,Villupuram,Tindivanam,NALLATHUR,https://cdn.s3waas.gov.in/s3e44fea3bec53bcea3b7513ccef5857ac/uploads/2021/02/2021020576.pdf,,Olakkur,true
Tamil Nadu,Villupuram,Tindivanam,NANGUNAM,https://cdn.s3waas.gov.in/s3e44fea3bec53bcea3b7513ccef5857ac/uploads/2021/02/2021020576.pdf,,Olakkur,true
Tamil Nadu,Villupuram,Tindivanam,NOLAMPOOR,https://cdn.s3waas.gov.in/s3e44fea3bec53bcea3b7513ccef5857ac/uploads/2021/02/2021020576.pdf,,Olakkur,true
Tamil Nadu,Villupuram,Tindivanam,OLAKKUR KILPATHI,https://cdn.s3waas.gov.in/s3e44fea3bec53bcea3b7513ccef5857ac/uploads/2021/02/2021020576.pdf,,Olakkur,true
Tamil Nadu,Villupuram,Tindivanam,OLAKUR MELPATHY,https://cdn.s3waas.gov.in/s3e44fea3bec53bcea3b7513ccef5857ac/uploads/2021/02/2021020576.pdf,,Olakkur,true
Tamil Nadu,Villupuram,Tindivanam,ONGKUR,https://cdn.s3waas.gov.in/s3e44fea3bec53bcea3b7513ccef5857ac/uploads/2021/02/2021020576.pdf,,Olakkur,true
Tamil Nadu,Villupuram,Tindivanam,PALLIPPAKKAM,https://cdn.s3waas.gov.in/s3e44fea3bec53bcea3b7513ccef5857ac/uploads/2021/02/2021020576.pdf,,Olakkur,true
Tamil Nadu,Villupuram,Tindivanam,PATHIRI,https://cdn.s3waas.gov.in/s3e44fea3bec53bcea3b7513ccef5857ac/uploads/2021/02/2021020576.pdf,,Olakkur,true
Tamil Nadu,Villupuram,Tindivanam,SA.KADUR,https://cdn.s3waas.gov.in/s3e44fea3bec53bcea3b7513ccef5857ac/uploads/2021/02/2021020576.pdf,,Olakkur,true
Tamil Nadu,Villupuram,Tindivanam,SITHERIPATTU,https://cdn.s3waas.gov.in/s3e44fea3bec53bcea3b7513ccef5857ac/uploads/2021/02/2021020576.pdf,,Olakkur,true
Tamil Nadu,Villupuram,Tindivanam,AATHIPAKKAM,https://cdn.s3waas.gov.in/s3e44fea3bec53bcea3b7513ccef5857ac/uploads/2021/02/2021020576.pdf,,Olakkur,true
Tamil Nadu,Villupuram,Tindivanam,AMMANAMPAKKAM,https://cdn.s3waas.gov.in/s3e44fea3bec53bcea3b7513ccef5857ac/uploads/2021/02/2021020576.pdf,,Olakkur,true
Tamil Nadu,Villupuram,Tindivanam,DHADAPURAM,https://cdn.s3waas.gov.in/s3e44fea3bec53bcea3b7513ccef5857ac/uploads/2021/02/2021020576.pdf,,Olakkur,true
Tamil Nadu,Villupuram,Tindivanam,KALPAKKAM,https://cdn.s3waas.gov.in/s3e44fea3bec53bcea3b7513ccef5857ac/uploads/2021/02/2021020576.pdf,,Olakkur,true
Tamil Nadu,Villupuram,Tindivanam,KARUVAMPAKKAM,https://cdn.s3waas.gov.in/s3e44fea3bec53bcea3b7513ccef5857ac/uploads/2021/02/2021020576.pdf,,Olakkur,true
Tamil Nadu,Villupuram,Tindivanam,KEEZHKARANAI,https://cdn.s3waas.gov.in/s3e44fea3bec53bcea3b7513ccef5857ac/uploads/2021/02/2021020576.pdf,,Olakkur,true
Tamil Nadu,Villupuram,Tindivanam,KEEZHMAVILANGAI,https://cdn.s3waas.gov.in/s3e44fea3bec53bcea3b7513ccef5857ac/uploads/2021/02/2021020576.pdf,,Olakkur,true
Tamil Nadu,Villupuram,Tindivanam,KERANDIPURAM,https://cdn.s3waas.gov.in/s3e44fea3bec53bcea3b7513ccef5857ac/uploads/2021/02/2021020576.pdf,,Olakkur,true
Tamil Nadu,Villupuram,Tindivanam,KODIYAM,https://cdn.s3waas.gov.in/s3e44fea3bec53bcea3b7513ccef5857ac/uploads/2021/02/2021020576.pdf,,Olakkur,true
Tamil Nadu,Villupuram,Tindivanam,KONALUR,https://cdn.s3waas.gov.in/s3e44fea3bec53bcea3b7513ccef5857ac/uploads/2021/02/2021020576.pdf,,Olakkur,true
Tamil Nadu,Villupuram,Tindivanam,MALAYANUR (KEEZH),https://cdn.s3waas.gov.in/s3e44fea3bec53bcea3b7513ccef5857ac/uploads/2021/02/2021020576.pdf,,Olakkur,true
Tamil Nadu,Villupuram,Tindivanam,MAMPAKKAM,https://cdn.s3waas.gov.in/s3e44fea3bec53bcea3b7513ccef5857ac/uploads/2021/02/2021020576.pdf,,Olakkur,true
Tamil Nadu,Villupuram,Tindivanam,MELAATHANOOR,https://cdn.s3waas.gov.in/s3e44fea3bec53bcea3b7513ccef5857ac/uploads/2021/02/2021020576.pdf,,Olakkur,true
Tamil Nadu,Villupuram,Tindivanam,MELMAVILANGAI,https://cdn.s3waas.gov.in/s3e44fea3bec53bcea3b7513ccef5857ac/uploads/2021/02/2021020576.pdf,,Olakkur,true
Tamil Nadu,Villupuram,Tindivanam,MELPAKKAM,https://cdn.s3waas.gov.in/s3e44fea3bec53bcea3b7513ccef5857ac/uploads/2021/02/2021020576.pdf,,Olakkur,true
Tamil Nadu,Villupuram,Tindivanam,MELPETTAI,https://cdn.s3waas.gov.in/s3e44fea3bec53bcea3b7513ccef5857ac/uploads/2021/02/2021020576.pdf,,Olakkur,true
Tamil Nadu,Villupuram,Tindivanam,MELSIVIRI,https://cdn.s3waas.gov.in/s3e44fea3bec53bcea3b7513ccef5857ac/uploads/2021/02/2021020576.pdf,,Olakkur,true
Tamil Nadu,Villupuram,Tindivanam,NAGAVARAM,https://cdn.s3waas.gov.in/s3e44fea3bec53bcea3b7513ccef5857ac/uploads/2021/02/2021020576.pdf,,Vadasiruvallur,true
Tamil Nadu,Villupuram,Tindivanam,NEDUNTHONDI,https://cdn.s3waas.gov.in/s3e44fea3bec53bcea3b7513ccef5857ac/uploads/2021/02/2021020576.pdf,,Vadasiruvallur,true
Tamil Nadu,Villupuram,Tindivanam,NEIKUPPI,https://cdn.s3waas.gov.in/s3e44fea3bec53bcea3b7513ccef5857ac/uploads/2021/02/2021020576.pdf,,Vadasiruvallur,true
Tamil Nadu,Villupuram,Tindivanam,PERAPERI,https://cdn.s3waas.gov.in/s3e44fea3bec53bcea3b7513ccef5857ac/uploads/2021/02/2021020576.pdf,,Vadasiruvallur,true
Tamil Nadu,Villupuram,Tindivanam,PULIYUR,https://cdn.s3waas.gov.in/s3e44fea3bec53bcea3b7513ccef5857ac/uploads/2021/02/2021020576.pdf,,Vadasiruvallur,true
Tamil Nadu,Villupuram,Tindivanam,PURANGKARAI,https://cdn.s3waas.gov.in/s3e44fea3bec53bcea3b7513ccef5857ac/uploads/2021/02/2021020576.pdf,,Vadasiruvallur,true
Tamil Nadu,Villupuram,Tindivanam,PUTHANANTHAL,https://cdn.s3waas.gov.in/s3e44fea3bec53bcea3b7513ccef5857ac/uploads/2021/02/2021020576.pdf,,Vadasiruvallur,true
Tamil Nadu,Villupuram,Tindivanam,SARAM,https://cdn.s3waas.gov.in/s3e44fea3bec53bcea3b7513ccef5857ac/uploads/2021/02/2021020576.pdf,,Vadasiruvallur,true
Tamil Nadu,Villupuram,Tindivanam,SATHANOOR,https://cdn.s3waas.gov.in/s3e44fea3bec53bcea3b7513ccef5857ac/uploads/2021/02/2021020576.pdf,,Vadasiruvallur,true
Tamil Nadu,Villupuram,Tindivanam,SEMPAKKAM,https://cdn.s3waas.gov.in/s3e44fea3bec53bcea3b7513ccef5857ac/uploads/2021/02/2021020576.pdf,,Vadasiruvallur,true
Tamil Nadu,Villupuram,Tindivanam,SINGANIKUPPAM,https://cdn.s3waas.gov.in/s3e44fea3bec53bcea3b7513ccef5857ac/uploads/2021/02/2021020576.pdf,,Vadasiruvallur,true
Tamil Nadu,Villupuram,Tindivanam,SIRUVALUR (NORTH),https://cdn.s3waas.gov.in/s3e44fea3bec53bcea3b7513ccef5857ac/uploads/2021/02/2021020576.pdf,,Vadasiruvallur,true
Tamil Nadu,Villupuram,Tindivanam,T. PANCHALAM,https://cdn.s3waas.gov.in/s3e44fea3bec53bcea3b7513ccef5857ac/uploads/2021/02/2021020576.pdf,,Vadasiruvallur,true
Tamil Nadu,Villupuram,Tindivanam,THENGAIPAKKAM,https://cdn.s3waas.gov.in/s3e44fea3bec53bcea3b7513ccef5857ac/uploads/2021/02/2021020576.pdf,,Vadasiruvallur,true
Tamil Nadu,Villupuram,Tindivanam,URAL,https://cdn.s3waas.gov.in/s3e44fea3bec53bcea3b7513ccef5857ac/uploads/2021/02/2021020576.pdf,,Vadasiruvallur,true
Tamil Nadu,Villupuram,Tindivanam,VADAMPUNDI,https://cdn.s3waas.gov.in/s3e44fea3bec53bcea3b7513ccef5857ac/uploads/2021/02/2021020576.pdf,,Vadasiruvallur,true
Tamil Nadu,Villupuram,Tindivanam,VAIRAPURAM,https://cdn.s3waas.gov.in/s3e44fea3bec53bcea3b7513ccef5857ac/uploads/2021/02/2021020576.pdf,,Vadasiruvallur,true
Tamil Nadu,Villupuram,Tindivanam,VELLIMEDUPPETTAI,https://cdn.s3waas.gov.in/s3e44fea3bec53bcea3b7513ccef5857ac/uploads/2021/02/2021020576.pdf,,Vadasiruvallur,true
Tamil Nadu,Villupuram,Tindivanam,AATHUR,https://cdn.s3waas.gov.in/s3e44fea3bec53bcea3b7513ccef5857ac/uploads/2021/02/2021020576.pdf,,Vadasiruvallur,true
Tamil Nadu,Villupuram,Tindivanam,ANNAMPUTHUR,https://cdn.s3waas.gov.in/s3e44fea3bec53bcea3b7513ccef5857ac/uploads/2021/02/2021020576.pdf,,Vadasiruvallur,true
Tamil Nadu,Villupuram,Tindivanam,AVANAMPATTU,https://cdn.s3waas.gov.in/s3e44fea3bec53bcea3b7513ccef5857ac/uploads/2021/02/2021020576.pdf,,Vadasiruvallur,true
Tamil Nadu,Villupuram,Tindivanam,AVARAPPAKKAM,https://cdn.s3waas.gov.in/s3e44fea3bec53bcea3b7513ccef5857ac/uploads/2021/02/2021020576.pdf,,Vadasiruvallur,true
Tamil Nadu,Villupuram,Tindivanam,ELAVALAPPAKKAM,https://cdn.s3waas.gov.in/s3e44fea3bec53bcea3b7513ccef5857ac/uploads/2021/02/2021020576.pdf,,Vadasiruvallur,true
Tamil Nadu,Villupuram,Tindivanam,ENDIYUR,https://cdn.s3waas.gov.in/s3e44fea3bec53bcea3b7513ccef5857ac/uploads/2021/02/2021020576.pdf,,Vadasiruvallur,true
Tamil Nadu,Villupuram,Tindivanam,ERAIYANUR,https://cdn.s3waas.gov.in/s3e44fea3bec53bcea3b7513ccef5857ac/uploads/2021/02/2021020576.pdf,,Vadasiruvallur,true
Tamil Nadu,Villupuram,Tindivanam,EVALUR,https://cdn.s3waas.gov.in/s3e44fea3bec53bcea3b7513ccef5857ac/uploads/2021/02/2021020576.pdf,,Vadasiruvallur,true
Tamil Nadu,Villupuram,Tindivanam,JAKAMPETTAI,https://cdn.s3waas.gov.in/s3e44fea3bec53bcea3b7513ccef5857ac/uploads/2021/02/2021020576.pdf,,Vadasiruvallur,true
Tamil Nadu,Villupuram,Tindivanam,JANAKIPETTAI,https://cdn.s3waas.gov.in/s3e44fea3bec53bcea3b7513ccef5857ac/uploads/2021/02/2021020576.pdf,,Vadasiruvallur,true
Tamil Nadu,Villupuram,Tindivanam,KARNAVUR,https://cdn.s3waas.gov.in/s3e44fea3bec53bcea3b7513ccef5857ac/uploads/2021/02/2021020576.pdf,,Vadasiruvallur,true
Tamil Nadu,Villupuram,Tindivanam,KATTALAI,https://cdn.s3waas.gov.in/s3e44fea3bec53bcea3b7513ccef5857ac/uploads/2021/02/2021020576.pdf,,Vadasiruvallur,true
Tamil Nadu,Villupuram,Tindivanam,KAVERIPPAKKAM,https://cdn.s3waas.gov.in/s3e44fea3bec53bcea3b7513ccef5857ac/uploads/2021/02/2021020576.pdf,,Vadasiruvallur,true
Tamil Nadu,Villupuram,Tindivanam,KEEZHEDAYALAM,https://cdn.s3waas.gov.in/s3e44fea3bec53bcea3b7513ccef5857ac/uploads/2021/02/2021020576.pdf,,Vadasiruvallur,true
Tamil Nadu,Villupuram,Tindivanam,KEEZHPERIDIKUPPAM,https://cdn.s3waas.gov.in/s3e44fea3bec53bcea3b7513ccef5857ac/uploads/2021/02/2021020576.pdf,,Vadasiruvallur,true
Tamil Nadu,Villupuram,Tindivanam,KEEZHSITHAMUR,https://cdn.s3waas.gov.in/s3e44fea3bec53bcea3b7513ccef5857ac/uploads/2021/02/2021020576.pdf,,Vadasiruvallur,true
Tamil Nadu,Villupuram,Tindivanam,KIDANGAL,https://cdn.s3waas.gov.in/s3e44fea3bec53bcea3b7513ccef5857ac/uploads/2021/02/2021020576.pdf,,Tindivanam,true
Tamil Nadu,Villupuram,Tindivanam,KOVADI,https://cdn.s3waas.gov.in/s3e44fea3bec53bcea3b7513ccef5857ac/uploads/2021/02/2021020576.pdf,,Tindivanam,true
Tamil Nadu,Villupuram,Tindivanam,KURUVAMMAPETTAI,https://cdn.s3waas.gov.in/s3e44fea3bec53bcea3b7513ccef5857ac/uploads/2021/02/2021020576.pdf,,Tindivanam,true
Tamil Nadu,Villupuram,Tindivanam,MANOOR,https://cdn.s3waas.gov.in/s3e44fea3bec53bcea3b7513ccef5857ac/uploads/2021/02/2021020576.pdf,,Tindivanam,true
Tamil Nadu,Villupuram,Tindivanam,MOLASUR,https://cdn.s3waas.gov.in/s3e44fea3bec53bcea3b7513ccef5857ac/uploads/2021/02/2021020576.pdf,,Tindivanam,true
Tamil Nadu,Villupuram,Tindivanam,OMANTHUR,https://cdn.s3waas.gov.in/s3e44fea3bec53bcea3b7513ccef5857ac/uploads/2021/02/2021020576.pdf,,Tindivanam,true
Tamil Nadu,Villupuram,Tindivanam,ROSANAI,https://cdn.s3waas.gov.in/s3e44fea3bec53bcea3b7513ccef5857ac/uploads/2021/02/2021020576.pdf,,Tindivanam,true
Tamil Nadu,Villupuram,Tindivanam,SALAVATHI,https://cdn.s3waas.gov.in/s3e44fea3bec53bcea3b7513ccef5857ac/uploads/2021/02/2021020576.pdf,,Tindivanam,true
Tamil Nadu,Villupuram,Tindivanam,SINGANUR,https://cdn.s3waas.gov.in/s3e44fea3bec53bcea3b7513ccef5857ac/uploads/2021/02/2021020576.pdf,,Tindivanam,true
Tamil Nadu,Villupuram,Tindivanam,THENKALAVAI,https://cdn.s3waas.gov.in/s3e44fea3bec53bcea3b7513ccef5857ac/uploads/2021/02/2021020576.pdf,,Tindivanam,true
Tamil Nadu,Villupuram,Tindivanam,THENNERKUNAM,https://cdn.s3waas.gov.in/s3e44fea3bec53bcea3b7513ccef5857ac/uploads/2021/02/2021020576.pdf,,Tindivanam,true
Tamil Nadu,Villupuram,Tindivanam,THENPASIYAR,https://cdn.s3waas.gov.in/s3e44fea3bec53bcea3b7513ccef5857ac/uploads/2021/02/2021020576.pdf,,Tindivanam,true
Tamil Nadu,Villupuram,Tindivanam,TINDIVANAM,https://cdn.s3waas.gov.in/s3e44fea3bec53bcea3b7513ccef5857ac/uploads/2021/02/2021020576.pdf,,Tindivanam,true
Tamil Nadu,Villupuram,Tindivanam,VADAALAPAKKAM,https://cdn.s3waas.gov.in/s3e44fea3bec53bcea3b7513ccef5857ac/uploads/2021/02/2021020576.pdf,,Tindivanam,true
Tamil Nadu,Villupuram,Tindivanam,VARAGUPATTU,https://cdn.s3waas.gov.in/s3e44fea3bec53bcea3b7513ccef5857ac/uploads/2021/02/2021020576.pdf,,Tindivanam,true
Tamil Nadu,Villupuram,Tindivanam,VENGAI,https://cdn.s3waas.gov.in/s3e44fea3bec53bcea3b7513ccef5857ac/uploads/2021/02/2021020576.pdf,,Tindivanam,true
Tamil Nadu,Villupuram,Tindivanam,VITTALAPURAM,https://cdn.s3waas.gov.in/s3e44fea3bec53bcea3b7513ccef5857ac/uploads/2021/02/2021020576.pdf,,Tindivanam,true
Tamil Nadu,Villupuram,Tindivanam,ANNAMPAKKAM,https://cdn.s3waas.gov.in/s3e44fea3bec53bcea3b7513ccef5857ac/uploads/2021/02/2021020576.pdf,,Tindivanam,true
Tamil Nadu,Villupuram,Tindivanam,ATCHIPPAKAM,https://cdn.s3waas.gov.in/s3e44fea3bec53bcea3b7513ccef5857ac/uploads/2021/02/2021020576.pdf,,Tindivanam,true
Tamil Nadu,Villupuram,Tindivanam,AVANIPPUR,https://cdn.s3waas.gov.in/s3e44fea3bec53bcea3b7513ccef5857ac/uploads/2021/02/2021020576.pdf,,Tindivanam,true
Tamil Nadu,Villupuram,Tindivanam,CHENALUR,https://cdn.s3waas.gov.in/s3e44fea3bec53bcea3b7513ccef5857ac/uploads/2021/02/2021020576.pdf,,Tindivanam,true
Tamil Nadu,Villupuram,Tindivanam,KADAVAMPAKKAM,https://cdn.s3waas.gov.in/s3e44fea3bec53bcea3b7513ccef5857ac/uploads/2021/02/2021020576.pdf,,Tindivanam,true
Tamil Nadu,Villupuram,Tindivanam,KARUPPUR,https://cdn.s3waas.gov.in/s3e44fea3bec53bcea3b7513ccef5857ac/uploads/2021/02/2021020576.pdf,,Tindivanam,true
Tamil Nadu,Villupuram,Tindivanam,KATTUPPUNCHAI,https://cdn.s3waas.gov.in/s3e44fea3bec53bcea3b7513ccef5857ac/uploads/2021/02/2021020576.pdf,,Tindivanam,true
Tamil Nadu,Villupuram,Tindivanam,KEEZHMANNUR,https://cdn.s3waas.gov.in/s3e44fea3bec53bcea3b7513ccef5857ac/uploads/2021/02/2021020576.pdf,,Tindivanam,true
Tamil Nadu,Villupuram,Tindivanam,KEEZHNEMILI,https://cdn.s3waas.gov.in/s3e44fea3bec53bcea3b7513ccef5857ac/uploads/2021/02/2021020576.pdf,,Tindivanam,true
Tamil Nadu,Villupuram,Tindivanam,KEEZHPASAR,https://cdn.s3waas.gov.in/s3e44fea3bec53bcea3b7513ccef5857ac/uploads/2021/02/2021020576.pdf,,Tindivanam,true
Tamil Nadu,Villupuram,Tindivanam,KEEZHSEVUR,https://cdn.s3waas.gov.in/s3e44fea3bec53bcea3b7513ccef5857ac/uploads/2021/02/2021020576.pdf,,Avanippur,true
Tamil Nadu,Villupuram,Tindivanam,KEZHPOOTHERI,https://cdn.s3waas.gov.in/s3e44fea3bec53bcea3b7513ccef5857ac/uploads/2021/02/2021020576.pdf,,Avanippur,true
Tamil Nadu,Villupuram,Tindivanam,KUNNAPPAKKAM,https://cdn.s3waas.gov.in/s3e44fea3bec53bcea3b7513ccef5857ac/uploads/2021/02/2021020576.pdf,,Avanippur,true
Tamil Nadu,Villupuram,Tindivanam,MANDAPERUMPAKKAM,https://cdn.s3waas.gov.in/s3e44fea3bec53bcea3b7513ccef5857ac/uploads/2021/02/2021020576.pdf,,Avanippur,true
Tamil Nadu,Villupuram,Tindivanam,NARAMAKAANI,https://cdn.s3waas.gov.in/s3e44fea3bec53bcea3b7513ccef5857ac/uploads/2021/02/2021020576.pdf,,Avanippur,true
Tamil Nadu,Villupuram,Tindivanam,PANAIYUR,https://cdn.s3waas.gov.in/s3e44fea3bec53bcea3b7513ccef5857ac/uploads/2021/02/2021020576.pdf,,Avanippur,true
Tamil Nadu,Villupuram,Tindivanam,PANGKOLATHUR,https://cdn.s3waas.gov.in/s3e44fea3bec53bcea3b7513ccef5857ac/uploads/2021/02/2021020576.pdf,,Avanippur,true
Tamil Nadu,Villupuram,Tindivanam,SENTHAMANGALAM,https://cdn.s3waas.gov.in/s3e44fea3bec53bcea3b7513ccef5857ac/uploads/2021/02/2021020576.pdf,,Avanippur,true
Tamil Nadu,Villupuram,Tindivanam,THENAMPOONDI,https://cdn.s3waas.gov.in/s3e44fea3bec53bcea3b7513ccef5857ac/uploads/2021/02/2021020576.pdf,,Avanippur,true
Tamil Nadu,Villupuram,Tindivanam,VADAKALAVAI,https://cdn.s3waas.gov.in/s3e44fea3bec53bcea3b7513ccef5857ac/uploads/2021/02/2021020576.pdf,,Avanippur,true
Tamil Nadu,Villupuram,Tindivanam,VANDARAMPOONDI,https://cdn.s3waas.gov.in/s3e44fea3bec53bcea3b7513ccef5857ac/uploads/2021/02/2021020576.pdf,,Avanippur,true
Tamil Nadu,Villupuram,Gingee,AANANKUR,https://cdn.s3waas.gov.in/s3e44fea3bec53bcea3b7513ccef5857ac/uploads/2018/04/2018042323.pdf,200,,true
Tamil Nadu,Villupuram,Gingee,AGALOOR,https://cdn.s3waas.gov.in/s3e44fea3bec53bcea3b7513ccef5857ac/uploads/2018/04/2018042323.pdf,205,,true
Tamil Nadu,Villupuram,Gingee,ARUKAVOOR,https://cdn.s3waas.gov.in/s3e44fea3bec53bcea3b7513ccef5857ac/uploads/2018/04/2018042323.pdf,224,,true
Tamil Nadu,Villupuram,Gingee,AVIYUR,https://cdn.s3waas.gov.in/s3e44fea3bec53bcea3b7513ccef5857ac/uploads/2018/04/2018042323.pdf,204,,true
Tamil Nadu,Villupuram,Gingee,CHINNAKARAM,https://cdn.s3waas.gov.in/s3e44fea3bec53bcea3b7513ccef5857ac/uploads/2018/04/2018042323.pdf,213,,true
Tamil Nadu,Villupuram,Gingee,CHOZHANKUNAM,https://cdn.s3waas.gov.in/s3e44fea3bec53bcea3b7513ccef5857ac/uploads/2018/04/2018042323.pdf,211,,true
Tamil Nadu,Villupuram,Gingee,EDAIMALAI,https://cdn.s3waas.gov.in/s3e44fea3bec53bcea3b7513ccef5857ac/uploads/2018/04/2018042323.pdf,223,,true
Tamil Nadu,Villupuram,Gingee,EDHA NEMILI,https://cdn.s3waas.gov.in/s3e44fea3bec53bcea3b7513ccef5857ac/uploads/2018/04/2018042323.pdf,221,,true
Tamil Nadu,Villupuram,Gingee,EECHUR,https://cdn.s3waas.gov.in/s3e44fea3bec53bcea3b7513ccef5857ac/uploads/2018/04/2018042323.pdf,208,,true
Tamil Nadu,Villupuram,Gingee,ILLODU,https://cdn.s3waas.gov.in/s3e44fea3bec53bcea3b7513ccef5857ac/uploads/2018/04/2018042323.pdf,209,,true
Tamil Nadu,Villupuram,Gingee,INTHIRASANKUPPAM,https://cdn.s3waas.gov.in/s3e44fea3bec53bcea3b7513ccef5857ac/uploads/2018/04/2018042323.pdf,230,,true
Tamil Nadu,Villupuram,Gingee,IRUMPULI,https://cdn.s3waas.gov.in/s3e44fea3bec53bcea3b7513ccef5857ac/uploads/2018/04/2018042323.pdf,179,,true
Tamil Nadu,Villupuram,Gingee,KAARIYAMANGALAM,https://cdn.s3waas.gov.in/s3e44fea3bec53bcea3b7513ccef5857ac/uploads/2018/04/2018042323.pdf,190,,true
Tamil Nadu,Villupuram,Gingee,KALLAPULIYUR,https://cdn.s3waas.gov.in/s3e44fea3bec53bcea3b7513ccef5857ac/uploads/2018/04/2018042323.pdf,178,,true
Tamil Nadu,Villupuram,Gingee,KANDAMANALLUR,https://cdn.s3waas.gov.in/s3e44fea3bec53bcea3b7513ccef5857ac/uploads/2018/04/2018042323.pdf,176,,true
Tamil Nadu,Villupuram,Gingee,KARUNKUZHI,https://cdn.s3waas.gov.in/s3e44fea3bec53bcea3b7513ccef5857ac/uploads/2018/04/2018042323.pdf,207,,true
Tamil Nadu,Villupuram,Gingee,KORAVANANTHAL,https://cdn.s3waas.gov.in/s3e44fea3bec53bcea3b7513ccef5857ac/uploads/2018/04/2018042323.pdf,199,,true
Tamil Nadu,Villupuram,Gingee,MAHADEVIMANGALAM,https://cdn.s3waas.gov.in/s3e44fea3bec53bcea3b7513ccef5857ac/uploads/2018/04/2018042323.pdf,186,,true
Tamil Nadu,Villupuram,Gingee,MEL OLAKKUR,https://cdn.s3waas.gov.in/s3e44fea3bec53bcea3b7513ccef5857ac/uploads/2018/04/2018042323.pdf,217,,true
Tamil Nadu,Villupuram,Gingee,MELATHIPAKKAM,https://cdn.s3waas.gov.in/s3e44fea3bec53bcea3b7513ccef5857ac/uploads/2018/04/2018042323.pdf,222,,true
Tamil Nadu,Villupuram,Gingee,MELKALAVAI,https://cdn.s3waas.gov.in/s3e44fea3bec53bcea3b7513ccef5857ac/uploads/2018/04/2018042323.pdf,189,,true
Tamil Nadu,Villupuram,Gingee,MELKOOTHAPAKKAM,https://cdn.s3waas.gov.in/s3e44fea3bec53bcea3b7513ccef5857ac/uploads/2018/04/2018042323.pdf,229,,true
Tamil Nadu,Villupuram,Gingee,MUKKUNAM,https://cdn.s3waas.gov.in/s3e44fea3bec53bcea3b7513ccef5857ac/uploads/2018/04/2018042323.pdf,206,,true
Tamil Nadu,Villupuram,Gingee,NANGIYANANTHAL,https://cdn.s3waas.gov.in/s3e44fea3bec53bcea3b7513ccef5857ac/uploads/2018/04/2018042323.pdf,225,,true
Tamil Nadu,Villupuram,Gingee,NEERPERUTHAGARAM,https://cdn.s3waas.gov.in/s3e44fea3bec53bcea3b7513ccef5857ac/uploads/2018/04/2018042323.pdf,220,,true
Tamil Nadu,Villupuram,Gingee,NEGANOOR,https://cdn.s3waas.gov.in/s3e44fea3bec53bcea3b7513ccef5857ac/uploads/2018/04/2018042323.pdf,191,,true
Tamil Nadu,Villupuram,Gingee,PALLIKULAM,https://cdn.s3waas.gov.in/s3e44fea3bec53bcea3b7513ccef5857ac/uploads/2018/04/2018042323.pdf,228,,true
Tamil Nadu,Villupuram,Gingee,PANAPPAKKAM,https://cdn.s3waas.gov.in/s3e44fea3bec53bcea3b7513ccef5857ac/uploads/2018/04/2018042323.pdf,226,,true
Tamil Nadu,Villupuram,Gingee,PENNAGAR,https://cdn.s3waas.gov.in/s3e44fea3bec53bcea3b7513ccef5857ac/uploads/2018/04/2018042323.pdf,210,,true
Tamil Nadu,Villupuram,Gingee,PERUMPOONDI,https://cdn.s3waas.gov.in/s3e44fea3bec53bcea3b7513ccef5857ac/uploads/2018/04/2018042323.pdf,212,,true
Tamil Nadu,Villupuram,Gingee,PONTHAI,https://cdn.s3waas.gov.in/s3e44fea3bec53bcea3b7513ccef5857ac/uploads/2018/04/2018042323.pdf,218,,true
Tamil Nadu,Villupuram,Gingee,POOTHERI,https://cdn.s3waas.gov.in/s3e44fea3bec53bcea3b7513ccef5857ac/uploads/2018/04/2018042323.pdf,215,,true
Tamil Nadu,Villupuram,Gingee,SANDICHATCHI,https://cdn.s3waas.gov.in/s3e44fea3bec53bcea3b7513ccef5857ac/uploads/2018/04/2018042323.pdf,184,,true
Tamil Nadu,Villupuram,Gingee,SELLAPIRATTI,https://cdn.s3waas.gov.in/s3e44fea3bec53bcea3b7513ccef5857ac/uploads/2018/04/2018042323.pdf,188,,true
Tamil Nadu,Villupuram,Gingee,SETHUVARAYANNALLUR,https://cdn.s3waas.gov.in/s3e44fea3bec53bcea3b7513ccef5857ac/uploads/2018/04/2018042323.pdf,203,,true
Tamil Nadu,Villupuram,Gingee,THAMANOOR,https://cdn.s3waas.gov.in/s3e44fea3bec53bcea3b7513ccef5857ac/uploads/2018/04/2018042323.pdf,214,,true
Tamil Nadu,Villupuram,Gingee,THONDUR,https://cdn.s3waas.gov.in/s3e44fea3bec53bcea3b7513ccef5857ac/uploads/2018/04/2018042323.pdf,216,,true
Tamil Nadu,Villupuram,Gingee,UDAIYANTHANGAL,https://cdn.s3waas.gov.in/s3e44fea3bec53bcea3b7513ccef5857ac/uploads/2018/04/2018042323.pdf,177,,true
Tamil Nadu,Villupuram,Gingee,VADAPUTHUR,https://cdn.s3waas.gov.in/s3e44fea3bec53bcea3b7513ccef5857ac/uploads/2018/04/2018042323.pdf,201,,true
Tamil Nadu,Villupuram,Gingee,VEERANAMOOR,https://cdn.s3waas.gov.in/s3e44fea3bec53bcea3b7513ccef5857ac/uploads/2018/04/2018042323.pdf,219,,true
Tamil Nadu,Villupuram,Gingee,VIRPATTU,https://cdn.s3waas.gov.in/s3e44fea3bec53bcea3b7513ccef5857ac/uploads/2018/04/2018042323.pdf,202,,true
Tamil Nadu,Villupuram,Gingee,AAMOOR,https://cdn.s3waas.gov.in/s3e44fea3bec53bcea3b7513ccef5857ac/uploads/2018/04/2018042323.pdf,168,,true
Tamil Nadu,Villupuram,Gingee,AANATHUR,https://cdn.s3waas.gov.in/s3e44fea3bec53bcea3b7513ccef5857ac/uploads/2018/04/2018042323.pdf,192,,true
Tamil Nadu,Villupuram,Gingee,ANILAADI,https://cdn.s3waas.gov.in/s3e44fea3bec53bcea3b7513ccef5857ac/uploads/2018/04/2018042323.pdf,138,,true
Tamil Nadu,Villupuram,Gingee,ERRAMPATTU,https://cdn.s3waas.gov.in/s3e44fea3bec53bcea3b7513ccef5857ac/uploads/2018/04/2018042323.pdf,140,,true
Tamil Nadu,Villupuram,Gingee,KADAMPUR,https://cdn.s3waas.gov.in/s3e44fea3bec53bcea3b7513ccef5857ac/uploads/2018/04/2018042323.pdf,197,,true
Tamil Nadu,Villupuram,Gingee,KALAIYUR,https://cdn.s3waas.gov.in/s3e44fea3bec53bcea3b7513ccef5857ac/uploads/2018/04/2018042323.pdf,198,,true
Tamil Nadu,Villupuram,Gingee,KALLADIKUPPAM,https://cdn.s3waas.gov.in/s3e44fea3bec53bcea3b7513ccef5857ac/uploads/2018/04/2018042323.pdf,141,,true
Tamil Nadu,Villupuram,Gingee,KALLALIPATTU,https://cdn.s3waas.gov.in/s3e44fea3bec53bcea3b7513ccef5857ac/uploads/2018/04/2018042323.pdf,134,,true
Tamil Nadu,Villupuram,Gingee,KAMMANTHUR,https://cdn.s3waas.gov.in/s3e44fea3bec53bcea3b7513ccef5857ac/uploads/2018/04/2018042323.pdf,148,,true
Tamil Nadu,Villupuram,Gingee,KAPPAI,https://cdn.s3waas.gov.in/s3e44fea3bec53bcea3b7513ccef5857ac/uploads/2018/04/2018042323.pdf,129,,true
Tamil Nadu,Villupuram,Gingee,KEEZHAIYUR,https://cdn.s3waas.gov.in/s3e44fea3bec53bcea3b7513ccef5857ac/uploads/2018/04/2018042323.pdf,236,,true
Tamil Nadu,Villupuram,Gingee,KEEZHLPAPPAMPADI,https://cdn.s3waas.gov.in/s3e44fea3bec53bcea3b7513ccef5857ac/uploads/2018/04/2018042323.pdf,145,,true
Tamil Nadu,Villupuram,Gingee,KEEZHMAMPATTU,https://cdn.s3waas.gov.in/s3e44fea3bec53bcea3b7513ccef5857ac/uploads/2018/04/2018042323.pdf,142,,true
Tamil Nadu,Villupuram,Gingee,KEEZHVAILAMOOR,https://cdn.s3waas.gov.in/s3e44fea3bec53bcea3b7513ccef5857ac/uploads/2018/04/2018042323.pdf,240,,true
Tamil Nadu,Villupuram,Gingee,KONGARAPATTU,https://cdn.s3waas.gov.in/s3e44fea3bec53bcea3b7513ccef5857ac/uploads/2018/04/2018042323.pdf,235,,true
Tamil Nadu,Villupuram,Gingee,KURINJIPAI,https://cdn.s3waas.gov.in/s3e44fea3bec53bcea3b7513ccef5857ac/uploads/2018/04/2018042323.pdf,152,,true
Tamil Nadu,Villupuram,Gingee,MANIAMPATTU,https://cdn.s3waas.gov.in/s3e44fea3bec53bcea3b7513ccef5857ac/uploads/2018/04/2018042323.pdf,237,,true
Tamil Nadu,Villupuram,Gingee,MAROOR,https://cdn.s3waas.gov.in/s3e44fea3bec53bcea3b7513ccef5857ac/uploads/2018/04/2018042323.pdf,239,,true
Tamil Nadu,Villupuram,Gingee,MARUTHERI,https://cdn.s3waas.gov.in/s3e44fea3bec53bcea3b7513ccef5857ac/uploads/2018/04/2018042323.pdf,234,,true
Tamil Nadu,Villupuram,Gingee,MELSEVUR EAST,https://cdn.s3waas.gov.in/s3e44fea3bec53bcea3b7513ccef5857ac/uploads/2018/04/2018042323.pdf,238,,true
Tamil Nadu,Villupuram,Gingee,MEL SITHAMOOR,https://cdn.s3waas.gov.in/s3e44fea3bec53bcea3b7513ccef5857ac/uploads/2018/04/2018042323.pdf,231,,true
Tamil Nadu,Villupuram,Gingee,MELATHUR,https://cdn.s3waas.gov.in/s3e44fea3bec53bcea3b7513ccef5857ac/uploads/2018/04/2018042323.pdf,227,mallaV,true
Tamil Nadu,Villupuram,Gingee,MELKOODALOOR,https://cdn.s3waas.gov.in/s3e44fea3bec53bcea3b7513ccef5857ac/uploads/2018/04/2018042323.pdf,137,mallaV,true
Tamil Nadu,Villupuram,Gingee,MELSEVUR WEST,https://cdn.s3waas.gov.in/s3e44fea3bec53bcea3b7513ccef5857ac/uploads/2018/04/2018042323.pdf,238,mallaV,true
Tamil Nadu,Villupuram,Gingee,MODAIYUR EAST,https://cdn.s3waas.gov.in/s3e44fea3bec53bcea3b7513ccef5857ac/uploads/2018/04/2018042323.pdf,150,mallaV,true
Tamil Nadu,Villupuram,Gingee,MODAIYUR WEST,https://cdn.s3waas.gov.in/s3e44fea3bec53bcea3b7513ccef5857ac/uploads/2018/04/2018042323.pdf,150,mallaV,true
Tamil Nadu,Villupuram,Gingee,NAGANTHUR,https://cdn.s3waas.gov.in/s3e44fea3bec53bcea3b7513ccef5857ac/uploads/2018/04/2018042323.pdf,241,mallaV,true
Tamil Nadu,Villupuram,Gingee,NANGLIKONDAN,https://cdn.s3waas.gov.in/s3e44fea3bec53bcea3b7513ccef5857ac/uploads/2018/04/2018042323.pdf,194,mallaV,true
Tamil Nadu,Villupuram,Gingee,NATTARMANGALAM,https://cdn.s3waas.gov.in/s3e44fea3bec53bcea3b7513ccef5857ac/uploads/2018/04/2018042323.pdf,232,mallaV,true
Tamil Nadu,Villupuram,Gingee,PERAMPATTU,https://cdn.s3waas.gov.in/s3e44fea3bec53bcea3b7513ccef5857ac/uploads/2018/04/2018042323.pdf,125,mallaV,true
Tamil Nadu,Villupuram,Gingee,PERUMPUGAI,https://cdn.s3waas.gov.in/s3e44fea3bec53bcea3b7513ccef5857ac/uploads/2018/04/2018042323.pdf,193,mallaV,true
Tamil Nadu,Villupuram,Gingee,RAJAMPULIYUR,https://cdn.s3waas.gov.in/s3e44fea3bec53bcea3b7513ccef5857ac/uploads/2018/04/2018042323.pdf,151,mallaV,true
Tamil Nadu,Villupuram,Gingee,SERVILAGAM,https://cdn.s3waas.gov.in/s3e44fea3bec53bcea3b7513ccef5857ac/uploads/2018/04/2018042323.pdf,195,mallaV,true
Tamil Nadu,Villupuram,Gingee,SORATHUR,https://cdn.s3waas.gov.in/s3e44fea3bec53bcea3b7513ccef5857ac/uploads/2018/04/2018042323.pdf,146,mallaV,true
Tamil Nadu,Villupuram,Gingee,THAIYUR,https://cdn.s3waas.gov.in/s3e44fea3bec53bcea3b7513ccef5857ac/uploads/2018/04/2018042323.pdf,147,mallaV,true
Tamil Nadu,Villupuram,Gingee,THALAVALAPATTU,https://cdn.s3waas.gov.in/s3e44fea3bec53bcea3b7513ccef5857ac/uploads/2018/04/2018042323.pdf,242,mallaV,true
Tamil Nadu,Villupuram,Gingee,THALAVANOOR,https://cdn.s3waas.gov.in/s3e44fea3bec53bcea3b7513ccef5857ac/uploads/2018/04/2018042323.pdf,135,mallaV,true
Tamil Nadu,Villupuram,Gingee,THEN PUTHUR,https://cdn.s3waas.gov.in/s3e44fea3bec53bcea3b7513ccef5857ac/uploads/2018/04/2018042323.pdf,243,mallaV,true
Tamil Nadu,Villupuram,Gingee,THIRUVAMPATTU,https://cdn.s3waas.gov.in/s3e44fea3bec53bcea3b7513ccef5857ac/uploads/2018/04/2018042323.pdf,143,mallaV,true
Tamil Nadu,Villupuram,Gingee,THUDUPAKKAM,https://cdn.s3waas.gov.in/s3e44fea3bec53bcea3b7513ccef5857ac/uploads/2018/04/2018042323.pdf,149,mallaV,true
Tamil Nadu,Villupuram,Gingee,VADATHARAM,https://cdn.s3waas.gov.in/s3e44fea3bec53bcea3b7513ccef5857ac/uploads/2018/04/2018042323.pdf,144,mallaV,true
Tamil Nadu,Villupuram,Gingee,VADAVANOOR,https://cdn.s3waas.gov.in/s3e44fea3bec53bcea3b7513ccef5857ac/uploads/2018/04/2018042323.pdf,196,mallaV,true
Tamil Nadu,Villupuram,Gingee,VALLAM,https://cdn.s3waas.gov.in/s3e44fea3bec53bcea3b7513ccef5857ac/uploads/2018/04/2018042323.pdf,233,mallaV,true
Tamil Nadu,Villupuram,Gingee,VILVAMADEVI,https://cdn.s3waas.gov.in/s3e44fea3bec53bcea3b7513ccef5857ac/uploads/2018/04/2018042323.pdf,136,mallaV,true
Tamil Nadu,Villupuram,Gingee,VOUVALKUNDRAM,https://cdn.s3waas.gov.in/s3e44fea3bec53bcea3b7513ccef5857ac/uploads/2018/04/2018042323.pdf,139,mallaV,true
Tamil Nadu,Villupuram,Gingee,AALAMPOONDI,https://cdn.s3waas.gov.in/s3e44fea3bec53bcea3b7513ccef5857ac/uploads/2018/04/2018042323.pdf,85,mallaV,true
Tamil Nadu,Villupuram,Gingee,CHINNAPONNAMPOONDI,https://cdn.s3waas.gov.in/s3e44fea3bec53bcea3b7513ccef5857ac/uploads/2018/04/2018042323.pdf,90,mallaV,true
Tamil Nadu,Villupuram,Gingee,DEVATHANAM PETTAI,https://cdn.s3waas.gov.in/s3e44fea3bec53bcea3b7513ccef5857ac/uploads/2018/04/2018042323.pdf,94,mallaV,true
Tamil Nadu,Villupuram,Gingee,GENGAVARAM,https://cdn.s3waas.gov.in/s3e44fea3bec53bcea3b7513ccef5857ac/uploads/2018/04/2018042323.pdf,106,mallaV,true
Tamil Nadu,Villupuram,Gingee,KAMAKARAM,https://cdn.s3waas.gov.in/s3e44fea3bec53bcea3b7513ccef5857ac/uploads/2018/04/2018042323.pdf,67,mallaV,true
Tamil Nadu,Villupuram,Gingee,KANAKKANKUPPAM,https://cdn.s3waas.gov.in/s3e44fea3bec53bcea3b7513ccef5857ac/uploads/2018/04/2018042323.pdf,105,mallaV,true
Tamil Nadu,Villupuram,Gingee,KANJUR,https://cdn.s3waas.gov.in/s3e44fea3bec53bcea3b7513ccef5857ac/uploads/2018/04/2018042323.pdf,72,mallaV,true
Tamil Nadu,Villupuram,Gingee,KATTU SITHAMOOR,https://cdn.s3waas.gov.in/s3e44fea3bec53bcea3b7513ccef5857ac/uploads/2018/04/2018042323.pdf,69,mallaV,true
Tamil Nadu,Villupuram,Gingee,MADHAPPUNDI,https://cdn.s3waas.gov.in/s3e44fea3bec53bcea3b7513ccef5857ac/uploads/2018/04/2018042323.pdf,71,mallaV,true
Tamil Nadu,Villupuram,Gingee,MALLARASANKUPPAM,https://cdn.s3waas.gov.in/s3e44fea3bec53bcea3b7513ccef5857ac/uploads/2018/04/2018042323.pdf,107,mallaV,true
Tamil Nadu,Villupuram,Gingee,MANALPADI,https://cdn.s3waas.gov.in/s3e44fea3bec53bcea3b7513ccef5857ac/uploads/2018/04/2018042323.pdf,91,mallaV,true
Tamil Nadu,Villupuram,Gingee,MAZHAVANTHANGAL,https://cdn.s3waas.gov.in/s3e44fea3bec53bcea3b7513ccef5857ac/uploads/2018/04/2018042323.pdf,108,mallaV,true
Tamil Nadu,Villupuram,Gingee,MELPAPPAMPADI,https://cdn.s3waas.gov.in/s3e44fea3bec53bcea3b7513ccef5857ac/uploads/2018/04/2018042323.pdf,63,mallaV,true
Tamil Nadu,Villupuram,Gingee,NAGALAMPATTU,https://cdn.s3waas.gov.in/s3e44fea3bec53bcea3b7513ccef5857ac/uploads/2018/04/2018042323.pdf,73,mallaV,true
Tamil Nadu,Villupuram,Gingee,NALLANPILLAI PETRAL,https://cdn.s3waas.gov.in/s3e44fea3bec53bcea3b7513ccef5857ac/uploads/2018/04/2018042323.pdf,74,mallaV,true
Tamil Nadu,Villupuram,Gingee,NAYAMPADI,https://cdn.s3waas.gov.in/s3e44fea3bec53bcea3b7513ccef5857ac/uploads/2018/04/2018042323.pdf,92,mallaV,true
Tamil Nadu,Villupuram,Gingee,OTHIYATHUR,https://cdn.s3waas.gov.in/s3e44fea3bec53bcea3b7513ccef5857ac/uploads/2018/04/2018042323.pdf,89,mallaV,true
Tamil Nadu,Villupuram,Gingee,PADIPALLAM,https://cdn.s3waas.gov.in/s3e44fea3bec53bcea3b7513ccef5857ac/uploads/2018/04/2018042323.pdf,95,mallaV,true
Tamil Nadu,Villupuram,Gingee,PAKKAM,https://cdn.s3waas.gov.in/s3e44fea3bec53bcea3b7513ccef5857ac/uploads/2018/04/2018042323.pdf,81,mallaV,true
Tamil Nadu,Villupuram,Gingee,PARATHAN THANGAL,https://cdn.s3waas.gov.in/s3e44fea3bec53bcea3b7513ccef5857ac/uploads/2018/04/2018042323.pdf,86,mallaV,true
Tamil Nadu,Villupuram,Gingee,PASUMALAITHANGAL,https://cdn.s3waas.gov.in/s3e44fea3bec53bcea3b7513ccef5857ac/uploads/2018/04/2018042323.pdf,87,mallaV,true
Tamil Nadu,Villupuram,Gingee,PAZHAVALAM,https://cdn.s3waas.gov.in/s3e44fea3bec53bcea3b7513ccef5857ac/uploads/2018/04/2018042323.pdf,79,mallaV,true
Tamil Nadu,Villupuram,Gingee,PERIYAMOOR,https://cdn.s3waas.gov.in/s3e44fea3bec53bcea3b7513ccef5857ac/uploads/2018/04/2018042323.pdf,93,mallaV,true
Tamil Nadu,Villupuram,Gingee,PERUNGAPPUR,https://cdn.s3waas.gov.in/s3e44fea3bec53bcea3b7513ccef5857ac/uploads/2018/04/2018042323.pdf,88,mallaV,true
Tamil Nadu,Villupuram,Gingee,PONNANKUPPAM,https://cdn.s3waas.gov.in/s3e44fea3bec53bcea3b7513ccef5857ac/uploads/2018/04/2018042323.pdf,109,mallaV,true
Tamil Nadu,Villupuram,Gingee,POTHUVAI,https://cdn.s3waas.gov.in/s3e44fea3bec53bcea3b7513ccef5857ac/uploads/2018/04/2018042323.pdf,78,mallaV,true
Tamil Nadu,Villupuram,Gingee,PUDHUPALAIYAM,https://cdn.s3waas.gov.in/s3e44fea3bec53bcea3b7513ccef5857ac/uploads/2018/04/2018042323.pdf,82,mallaV,true
Tamil Nadu,Villupuram,Gingee,PULIPATTU,https://cdn.s3waas.gov.in/s3e44fea3bec53bcea3b7513ccef5857ac/uploads/2018/04/2018042323.pdf,83,mallaV,true
Tamil Nadu,Villupuram,Gingee,PUTHAGARAM,https://cdn.s3waas.gov.in/s3e44fea3bec53bcea3b7513ccef5857ac/uploads/2018/04/2018042323.pdf,68,mallaV,true
Tamil Nadu,Villupuram,Gingee,SATHIYAMANGALAM,https://cdn.s3waas.gov.in/s3e44fea3bec53bcea3b7513ccef5857ac/uploads/2018/04/2018042323.pdf,84,mallaV,true
Tamil Nadu,Villupuram,Gingee,Se.PETTAI,https://cdn.s3waas.gov.in/s3e44fea3bec53bcea3b7513ccef5857ac/uploads/2018/04/2018042323.pdf,66,mallaV,true
Tamil Nadu,Villupuram,Gingee,SEMMEDU,https://cdn.s3waas.gov.in/s3e44fea3bec53bcea3b7513ccef5857ac/uploads/2018/04/2018042323.pdf,64,mallaV,true
Tamil Nadu,Villupuram,Gingee,SENNALOOR,https://cdn.s3waas.gov.in/s3e44fea3bec53bcea3b7513ccef5857ac/uploads/2018/04/2018042323.pdf,96,mallaV,true
Tamil Nadu,Villupuram,Gingee,SETHAVARAI,https://cdn.s3waas.gov.in/s3e44fea3bec53bcea3b7513ccef5857ac/uploads/2018/04/2018042323.pdf,75,mallaV,true
Tamil Nadu,Villupuram,Gingee,SO.KUPPAM,https://cdn.s3waas.gov.in/s3e44fea3bec53bcea3b7513ccef5857ac/uploads/2018/04/2018042323.pdf,80,mallaV,true
Tamil Nadu,Villupuram,Gingee,THADAGAM,https://cdn.s3waas.gov.in/s3e44fea3bec53bcea3b7513ccef5857ac/uploads/2018/04/2018042323.pdf,77,mallaV,true
Tamil Nadu,Villupuram,Gingee,THANDAVASAMUTHIRAM,https://cdn.s3waas.gov.in/s3e44fea3bec53bcea3b7513ccef5857ac/uploads/2018/04/2018042323.pdf,104,mallaV,true
Tamil Nadu,Villupuram,Gingee,THATHANGUPPAM,https://cdn.s3waas.gov.in/s3e44fea3bec53bcea3b7513ccef5857ac/uploads/2018/04/2018042323.pdf,70,mallaV,true
Tamil Nadu,Villupuram,Gingee,THUTHIPATTU,https://cdn.s3waas.gov.in/s3e44fea3bec53bcea3b7513ccef5857ac/uploads/2018/04/2018042323.pdf,110,mallaV,true
Tamil Nadu,Villupuram,Gingee,ULIYAMPATTU,https://cdn.s3waas.gov.in/s3e44fea3bec53bcea3b7513ccef5857ac/uploads/2018/04/2018042323.pdf,76,mallaV,true
Tamil Nadu,Villupuram,Gingee,VEERAMANALLUR,https://cdn.s3waas.gov.in/s3e44fea3bec53bcea3b7513ccef5857ac/uploads/2018/04/2018042323.pdf,65,mallaV,true
Tamil Nadu,Villupuram,Gingee,ANAIYERI,https://cdn.s3waas.gov.in/s3e44fea3bec53bcea3b7513ccef5857ac/uploads/2018/04/2018042323.pdf,102,mallaV,true
Tamil Nadu,Villupuram,Gingee,ANANDHAPURAM,https://cdn.s3waas.gov.in/s3e44fea3bec53bcea3b7513ccef5857ac/uploads/2018/04/2018042323.pdf,112,mallaV,true
Tamil Nadu,Villupuram,Gingee,ANJANCHERI,https://cdn.s3waas.gov.in/s3e44fea3bec53bcea3b7513ccef5857ac/uploads/2018/04/2018042323.pdf,155,mallaV,true
Tamil Nadu,Villupuram,Gingee,APPAMPATTU,https://cdn.s3waas.gov.in/s3e44fea3bec53bcea3b7513ccef5857ac/uploads/2018/04/2018042323.pdf,122,mallaV,true
Tamil Nadu,Villupuram,Gingee,ARUNGUNAM(MEL),https://cdn.s3waas.gov.in/s3e44fea3bec53bcea3b7513ccef5857ac/uploads/2018/04/2018042323.pdf,100,mallaV,true
Tamil Nadu,Villupuram,Gingee,ATHIYUR,https://cdn.s3waas.gov.in/s3e44fea3bec53bcea3b7513ccef5857ac/uploads/2018/04/2018042323.pdf,119,mallaV,true
Tamil Nadu,Villupuram,Gingee,CHITTAMPOONDI,https://cdn.s3waas.gov.in/s3e44fea3bec53bcea3b7513ccef5857ac/uploads/2018/04/2018042323.pdf,120,mallaV,true
Tamil Nadu,Villupuram,Gingee,GINGEE,https://cdn.s3waas.gov.in/s3e44fea3bec53bcea3b7513ccef5857ac/uploads/2018/04/2018042323.pdf,159,mallaV,true
Tamil Nadu,Villupuram,Gingee,JAMBOTHI,https://cdn.s3waas.gov.in/s3e44fea3bec53bcea3b7513ccef5857ac/uploads/2018/04/2018042323.pdf,153,mallaV,true
Tamil Nadu,Villupuram,Gingee,JEYANKONDAN,https://cdn.s3waas.gov.in/s3e44fea3bec53bcea3b7513ccef5857ac/uploads/2018/04/2018042323.pdf,123,mallaV,true
Tamil Nadu,Villupuram,Gingee,KADAKAMPOONDI,https://cdn.s3waas.gov.in/s3e44fea3bec53bcea3b7513ccef5857ac/uploads/2018/04/2018042323.pdf,126,mallaV,true
Tamil Nadu,Villupuram,Gingee,KARAI,https://cdn.s3waas.gov.in/s3e44fea3bec53bcea3b7513ccef5857ac/uploads/2018/04/2018042323.pdf,118,mallaV,true
Tamil Nadu,Villupuram,Gingee,KAVARAI,https://cdn.s3waas.gov.in/s3e44fea3bec53bcea3b7513ccef5857ac/uploads/2018/04/2018042323.pdf,121,mallaV,true
Tamil Nadu,Villupuram,Gingee,KEEZHMALAI,https://cdn.s3waas.gov.in/s3e44fea3bec53bcea3b7513ccef5857ac/uploads/2018/04/2018042323.pdf,113,mallaV,true
Tamil Nadu,Villupuram,Gingee,KOMMEDU,https://cdn.s3waas.gov.in/s3e44fea3bec53bcea3b7513ccef5857ac/uploads/2018/04/2018042323.pdf,130,mallaV,true
Tamil Nadu,Villupuram,Gingee,KONAI,https://cdn.s3waas.gov.in/s3e44fea3bec53bcea3b7513ccef5857ac/uploads/2018/04/2018042323.pdf,97,mallaV,true
Tamil Nadu,Villupuram,Gingee,KONALOOR,https://cdn.s3waas.gov.in/s3e44fea3bec53bcea3b7513ccef5857ac/uploads/2018/04/2018042323.pdf,114,mallaV,true
Tamil Nadu,Villupuram,Gingee,KRISHNAPURAM,https://cdn.s3waas.gov.in/s3e44fea3bec53bcea3b7513ccef5857ac/uploads/2018/04/2018042323.pdf,160,mallaV,true
Tamil Nadu,Villupuram,Gingee,MATHUR THIRUKAI,https://cdn.s3waas.gov.in/s3e44fea3bec53bcea3b7513ccef5857ac/uploads/2018/04/2018042323.pdf,116,eegniG,true
Tamil Nadu,Villupuram,Gingee,MATTAPARAI,https://cdn.s3waas.gov.in/s3e44fea3bec53bcea3b7513ccef5857ac/uploads/2018/04/2018042323.pdf,133,eegniG,true
Tamil Nadu,Villupuram,Gingee,MAVATTAMPADI,https://cdn.s3waas.gov.in/s3e44fea3bec53bcea3b7513ccef5857ac/uploads/2018/04/2018042323.pdf,128,eegniG,true
Tamil Nadu,Villupuram,Gingee,MEENAMUR,https://cdn.s3waas.gov.in/s3e44fea3bec53bcea3b7513ccef5857ac/uploads/2018/04/2018042323.pdf,124,eegniG,true
Tamil Nadu,Villupuram,Gingee,MEL EDAIYALAM,https://cdn.s3waas.gov.in/s3e44fea3bec53bcea3b7513ccef5857ac/uploads/2018/04/2018042323.pdf,154,eegniG,true
Tamil Nadu,Villupuram,Gingee,MULLUR,https://cdn.s3waas.gov.in/s3e44fea3bec53bcea3b7513ccef5857ac/uploads/2018/04/2018042323.pdf,103,eegniG,true
Tamil Nadu,Villupuram,Gingee,NARASINGARAYANPETTAI,https://cdn.s3waas.gov.in/s3e44fea3bec53bcea3b7513ccef5857ac/uploads/2018/04/2018042323.pdf,158,(cid:171)(cid:132)(cid:183)(cid:427),true
Tamil Nadu,Villupuram,Gingee,OORANITHANGAL,https://cdn.s3waas.gov.in/s3e44fea3bec53bcea3b7513ccef5857ac/uploads/2018/04/2018042323.pdf,156,(cid:171)(cid:132)(cid:183)(cid:427),true
Tamil Nadu,Villupuram,Gingee,OTTAMPATTU,https://cdn.s3waas.gov.in/s3e44fea3bec53bcea3b7513ccef5857ac/uploads/2018/04/2018042323.pdf,117,(cid:171)(cid:132)(cid:183)(cid:427),true
Tamil Nadu,Villupuram,Gingee,PALAPATTU,https://cdn.s3waas.gov.in/s3e44fea3bec53bcea3b7513ccef5857ac/uploads/2018/04/2018042323.pdf,127,(cid:171)(cid:132)(cid:183)(cid:427),true
Tamil Nadu,Villupuram,Gingee,PONPATHI,https://cdn.s3waas.gov.in/s3e44fea3bec53bcea3b7513ccef5857ac/uploads/2018/04/2018042323.pdf,157,(cid:171)(cid:132)(cid:183)(cid:427),true
Tamil Nadu,Villupuram,Gingee,PULIVANTHI,https://cdn.s3waas.gov.in/s3e44fea3bec53bcea3b7513ccef5857ac/uploads/2018/04/2018042323.pdf,115,(cid:171)(cid:132)(cid:183)(cid:427),true
Tamil Nadu,Villupuram,Gingee,SAKKARAPURAM,https://cdn.s3waas.gov.in/s3e44fea3bec53bcea3b7513ccef5857ac/uploads/2018/04/2018042323.pdf,161,(cid:171)(cid:132)(cid:183)(cid:427),true
Tamil Nadu,Villupuram,Gingee,SINGAVARAM,https://cdn.s3waas.gov.in/s3e44fea3bec53bcea3b7513ccef5857ac/uploads/2018/04/2018042323.pdf,163,(cid:171)(cid:132)(cid:183)(cid:427),true
Tamil Nadu,Villupuram,Gingee,SIRUKADAMBUR,https://cdn.s3waas.gov.in/s3e44fea3bec53bcea3b7513ccef5857ac/uploads/2018/04/2018042323.pdf,162,(cid:171)(cid:132)(cid:183)(cid:427),true
Tamil Nadu,Villupuram,Gingee,SIRUNAMPOONDI,https://cdn.s3waas.gov.in/s3e44fea3bec53bcea3b7513ccef5857ac/uploads/2018/04/2018042323.pdf,98,(cid:171)(cid:132)(cid:183)(cid:427),true
Tamil Nadu,Villupuram,Gingee,SITHARASUR,https://cdn.s3waas.gov.in/s3e44fea3bec53bcea3b7513ccef5857ac/uploads/2018/04/2018042323.pdf,111,(cid:171)(cid:132)(cid:183)(cid:427),true
Tamil Nadu,Villupuram,Gingee,THACHAMPATTU,https://cdn.s3waas.gov.in/s3e44fea3bec53bcea3b7513ccef5857ac/uploads/2018/04/2018042323.pdf,99,(cid:171)(cid:132)(cid:183)(cid:427),true
Tamil Nadu,Villupuram,Gingee,THENPUDUPATTU,https://cdn.s3waas.gov.in/s3e44fea3bec53bcea3b7513ccef5857ac/uploads/2018/04/2018042323.pdf,131,(cid:171)(cid:132)(cid:183)(cid:427),true
Tamil Nadu,Villupuram,Gingee,THIRUVATHIKUNDRAM,https://cdn.s3waas.gov.in/s3e44fea3bec53bcea3b7513ccef5857ac/uploads/2018/04/2018042323.pdf,132,(cid:171)(cid:132)(cid:183)(cid:427),true
Tamil Nadu,Villupuram,Gingee,VARIKAL,https://cdn.s3waas.gov.in/s3e44fea3bec53bcea3b7513ccef5857ac/uploads/2018/04/2018042323.pdf,101,(cid:171)(cid:132)(cid:183)(cid:427),true
Tamil Nadu,Villupuram,Vikkiravandi,ANNIYUR,https://cdn.s3waas.gov.in/s3e44fea3bec53bcea3b7513ccef5857ac/uploads/2018/04/2018042355.pdf,021,,true
Tamil Nadu,Villupuram,Vikkiravandi,ANUMANTHAPURAM,https://cdn.s3waas.gov.in/s3e44fea3bec53bcea3b7513ccef5857ac/uploads/2018/04/2018042355.pdf,006,,true
Tamil Nadu,Villupuram,Vikkiravandi,ARUMPULI,https://cdn.s3waas.gov.in/s3e44fea3bec53bcea3b7513ccef5857ac/uploads/2018/04/2018042355.pdf,066,,true
Tamil Nadu,Villupuram,Vikkiravandi,ATHANUR,https://cdn.s3waas.gov.in/s3e44fea3bec53bcea3b7513ccef5857ac/uploads/2018/04/2018042355.pdf,067,,true
Tamil Nadu,Villupuram,Vikkiravandi,ATHIYUR (THIRUKAI),https://cdn.s3waas.gov.in/s3e44fea3bec53bcea3b7513ccef5857ac/uploads/2018/04/2018042355.pdf,005,,true
Tamil Nadu,Villupuram,Vikkiravandi,EZHUSEMPON,https://cdn.s3waas.gov.in/s3e44fea3bec53bcea3b7513ccef5857ac/uploads/2018/04/2018042355.pdf,026,,true
Tamil Nadu,Villupuram,Vikkiravandi,KADAIYAM,https://cdn.s3waas.gov.in/s3e44fea3bec53bcea3b7513ccef5857ac/uploads/2018/04/2018042355.pdf,002,,true
Tamil Nadu,Villupuram,Vikkiravandi,KAKKANUR,https://cdn.s3waas.gov.in/s3e44fea3bec53bcea3b7513ccef5857ac/uploads/2018/04/2018042355.pdf,048,,true
Tamil Nadu,Villupuram,Vikkiravandi,KARUVATCHI,https://cdn.s3waas.gov.in/s3e44fea3bec53bcea3b7513ccef5857ac/uploads/2018/04/2018042355.pdf,008,,true
Tamil Nadu,Villupuram,Vikkiravandi,KULIRSUNAI,https://cdn.s3waas.gov.in/s3e44fea3bec53bcea3b7513ccef5857ac/uploads/2018/04/2018042355.pdf,004,,true
Tamil Nadu,Villupuram,Vikkiravandi,NALLAPPALAYAM,https://cdn.s3waas.gov.in/s3e44fea3bec53bcea3b7513ccef5857ac/uploads/2018/04/2018042355.pdf,001,,true
Tamil Nadu,Villupuram,Vikkiravandi,PANAMALAI NORTH,https://cdn.s3waas.gov.in/s3e44fea3bec53bcea3b7513ccef5857ac/uploads/2018/04/2018042355.pdf,011,ruyinnA,true
Tamil Nadu,Villupuram,Vikkiravandi,PANAMALAI(SOUTH),https://cdn.s3waas.gov.in/s3e44fea3bec53bcea3b7513ccef5857ac/uploads/2018/04/2018042355.pdf,997,ruyinnA,true
Tamil Nadu,Villupuram,Vikkiravandi,PORUR,https://cdn.s3waas.gov.in/s3e44fea3bec53bcea3b7513ccef5857ac/uploads/2018/04/2018042355.pdf,023,ruyinnA,true
Tamil Nadu,Villupuram,Vikkiravandi,SEMEDU,https://cdn.s3waas.gov.in/s3e44fea3bec53bcea3b7513ccef5857ac/uploads/2018/04/2018042355.pdf,046,ruyinnA,true
Tamil Nadu,Villupuram,Vikkiravandi,SENNAPA NAYAKKANPALAYAM,https://cdn.s3waas.gov.in/s3e44fea3bec53bcea3b7513ccef5857ac/uploads/2018/04/2018042355.pdf,009,ruyinnA,true
Tamil Nadu,Villupuram,Vikkiravandi,SIRUVALAI,https://cdn.s3waas.gov.in/s3e44fea3bec53bcea3b7513ccef5857ac/uploads/2018/04/2018042355.pdf,045,ruyinnA,true
Tamil Nadu,Villupuram,Vikkiravandi,SITHERI,https://cdn.s3waas.gov.in/s3e44fea3bec53bcea3b7513ccef5857ac/uploads/2018/04/2018042355.pdf,025,ruyinnA,true
Tamil Nadu,Villupuram,Vikkiravandi,SOORAPPATTU,https://cdn.s3waas.gov.in/s3e44fea3bec53bcea3b7513ccef5857ac/uploads/2018/04/2018042355.pdf,065,ruyinnA,true
Tamil Nadu,Villupuram,Vikkiravandi,THIRUKUNAM,https://cdn.s3waas.gov.in/s3e44fea3bec53bcea3b7513ccef5857ac/uploads/2018/04/2018042355.pdf,022,ruyinnA,true
Tamil Nadu,Villupuram,Vikkiravandi,UDAIYANATHAM,https://cdn.s3waas.gov.in/s3e44fea3bec53bcea3b7513ccef5857ac/uploads/2018/04/2018042355.pdf,003,ruyinnA,true
Tamil Nadu,Villupuram,Vikkiravandi,VELLAIYAMPATTU,https://cdn.s3waas.gov.in/s3e44fea3bec53bcea3b7513ccef5857ac/uploads/2018/04/2018042355.pdf,010,ruyinnA,true
Tamil Nadu,Villupuram,Vikkiravandi,VELLERIPATTU,https://cdn.s3waas.gov.in/s3e44fea3bec53bcea3b7513ccef5857ac/uploads/2018/04/2018042355.pdf,024,ruyinnA,true
Tamil Nadu,Villupuram,Vikkiravandi,VENGAMUR,https://cdn.s3waas.gov.in/s3e44fea3bec53bcea3b7513ccef5857ac/uploads/2018/04/2018042355.pdf,007,ruyinnA,true
Tamil Nadu,Villupuram,Vikkiravandi,VIJAYANGKUPPAM,https://cdn.s3waas.gov.in/s3e44fea3bec53bcea3b7513ccef5857ac/uploads/2018/04/2018042355.pdf,027,ruyinnA,true
Tamil Nadu,Villupuram,Vikkiravandi,ARASALAPURAM,https://cdn.s3waas.gov.in/s3e44fea3bec53bcea3b7513ccef5857ac/uploads/2018/04/2018042355.pdf,030,ruyinnA,true
Tamil Nadu,Villupuram,Vikkiravandi,CHINNATHATCHUR,https://cdn.s3waas.gov.in/s3e44fea3bec53bcea3b7513ccef5857ac/uploads/2018/04/2018042355.pdf,123,ruyinnA,true
Tamil Nadu,Villupuram,Vikkiravandi,E.MANDAKAPPATTU,https://cdn.s3waas.gov.in/s3e44fea3bec53bcea3b7513ccef5857ac/uploads/2018/04/2018042355.pdf,031,ruyinnA,true
Tamil Nadu,Villupuram,Vikkiravandi,EECHENGKUPPAM,https://cdn.s3waas.gov.in/s3e44fea3bec53bcea3b7513ccef5857ac/uploads/2018/04/2018042355.pdf,036,ruyinnA,true
Tamil Nadu,Villupuram,Vikkiravandi,ENNAYIRAM,https://cdn.s3waas.gov.in/s3e44fea3bec53bcea3b7513ccef5857ac/uploads/2018/04/2018042355.pdf,126,ruyinnA,true
Tamil Nadu,Villupuram,Vikkiravandi,KALIYANAMPUNDI,https://cdn.s3waas.gov.in/s3e44fea3bec53bcea3b7513ccef5857ac/uploads/2018/04/2018042355.pdf,018,ruyinnA,true
Tamil Nadu,Villupuram,Vikkiravandi,KANCHANUR,https://cdn.s3waas.gov.in/s3e44fea3bec53bcea3b7513ccef5857ac/uploads/2018/04/2018042355.pdf,041,ruyinnA,true
Tamil Nadu,Villupuram,Vikkiravandi,KANNANTHAL,https://cdn.s3waas.gov.in/s3e44fea3bec53bcea3b7513ccef5857ac/uploads/2018/04/2018042355.pdf,019,ruyinnA,true
Tamil Nadu,Villupuram,Vikkiravandi,KASPAKARANAI,https://cdn.s3waas.gov.in/s3e44fea3bec53bcea3b7513ccef5857ac/uploads/2018/04/2018042355.pdf,115,ruyinnA,true
Tamil Nadu,Villupuram,Vikkiravandi,KORALUR,https://cdn.s3waas.gov.in/s3e44fea3bec53bcea3b7513ccef5857ac/uploads/2018/04/2018042355.pdf,040,ruyinnA,true
Tamil Nadu,Villupuram,Vikkiravandi,KULAPPAKKAM,https://cdn.s3waas.gov.in/s3e44fea3bec53bcea3b7513ccef5857ac/uploads/2018/04/2018042355.pdf,032,ruyinnA,true
Tamil Nadu,Villupuram,Vikkiravandi,KUNDALAPPULIYUR,https://cdn.s3waas.gov.in/s3e44fea3bec53bcea3b7513ccef5857ac/uploads/2018/04/2018042355.pdf,043,ruyinnA,true
Tamil Nadu,Villupuram,Vikkiravandi,KUNNATHURTHANGAL,https://cdn.s3waas.gov.in/s3e44fea3bec53bcea3b7513ccef5857ac/uploads/2018/04/2018042355.pdf,044,ruyinnA,true
Tamil Nadu,Villupuram,Vikkiravandi,MELKARANAI,https://cdn.s3waas.gov.in/s3e44fea3bec53bcea3b7513ccef5857ac/uploads/2018/04/2018042355.pdf,028,ruyinnA,true
Tamil Nadu,Villupuram,Vikkiravandi,MUTTATHUR,https://cdn.s3waas.gov.in/s3e44fea3bec53bcea3b7513ccef5857ac/uploads/2018/04/2018042355.pdf,017,ruyinnA,true
Tamil Nadu,Villupuram,Vikkiravandi,NAGAR,https://cdn.s3waas.gov.in/s3e44fea3bec53bcea3b7513ccef5857ac/uploads/2018/04/2018042355.pdf,015,ruyinnA,true
Tamil Nadu,Villupuram,Vikkiravandi,NANDIVADI,https://cdn.s3waas.gov.in/s3e44fea3bec53bcea3b7513ccef5857ac/uploads/2018/04/2018042355.pdf,037,ruyinnA,true
Tamil Nadu,Villupuram,Vikkiravandi,NANGATHUR,https://cdn.s3waas.gov.in/s3e44fea3bec53bcea3b7513ccef5857ac/uploads/2018/04/2018042355.pdf,014,ruyinnA,true
Tamil Nadu,Villupuram,Vikkiravandi,NARASINGANUR,https://cdn.s3waas.gov.in/s3e44fea3bec53bcea3b7513ccef5857ac/uploads/2018/04/2018042355.pdf,038,ruyinnA,true
Tamil Nadu,Villupuram,Vikkiravandi,NEMUR,https://cdn.s3waas.gov.in/s3e44fea3bec53bcea3b7513ccef5857ac/uploads/2018/04/2018042355.pdf,029,ruyinnA,true
Tamil Nadu,Villupuram,Vikkiravandi,PEEDARIPPATTU,https://cdn.s3waas.gov.in/s3e44fea3bec53bcea3b7513ccef5857ac/uploads/2018/04/2018042355.pdf,127,ruyinnA,true
Tamil Nadu,Villupuram,Vikkiravandi,PERUNGALAMPUNDI,https://cdn.s3waas.gov.in/s3e44fea3bec53bcea3b7513ccef5857ac/uploads/2018/04/2018042355.pdf,020,ruyinnA,true
Tamil Nadu,Villupuram,Vikkiravandi,POONDI,https://cdn.s3waas.gov.in/s3e44fea3bec53bcea3b7513ccef5857ac/uploads/2018/04/2018042355.pdf,120,ruyinnA,true
Tamil Nadu,Villupuram,Vikkiravandi,PRAMMADESAM,https://cdn.s3waas.gov.in/s3e44fea3bec53bcea3b7513ccef5857ac/uploads/2018/04/2018042355.pdf,035,(cid:170)(cid:122)(cid:156),true
Tamil Nadu,Villupuram,Vikkiravandi,PUNGUNAM,https://cdn.s3waas.gov.in/s3e44fea3bec53bcea3b7513ccef5857ac/uploads/2018/04/2018042355.pdf,116,(cid:170)(cid:122)(cid:156),true
Tamil Nadu,Villupuram,Vikkiravandi,SALAVANUR,https://cdn.s3waas.gov.in/s3e44fea3bec53bcea3b7513ccef5857ac/uploads/2018/04/2018042355.pdf,012,(cid:170)(cid:122)(cid:156),true
Tamil Nadu,Villupuram,Vikkiravandi,SANGEETHAMANGALAM,https://cdn.s3waas.gov.in/s3e44fea3bec53bcea3b7513ccef5857ac/uploads/2018/04/2018042355.pdf,013,(cid:170)(cid:122)(cid:156),true
Tamil Nadu,Villupuram,Vikkiravandi,Se. PUTHUR,https://cdn.s3waas.gov.in/s3e44fea3bec53bcea3b7513ccef5857ac/uploads/2018/04/2018042355.pdf,016,(cid:170)(cid:122)(cid:156),true
Tamil Nadu,Villupuram,Vikkiravandi,SE.KUNNATHUR,https://cdn.s3waas.gov.in/s3e44fea3bec53bcea3b7513ccef5857ac/uploads/2018/04/2018042355.pdf,033,ெச (cid:169)(cid:163)(cid:427),true
Tamil Nadu,Villupuram,Vikkiravandi,THENPER,https://cdn.s3waas.gov.in/s3e44fea3bec53bcea3b7513ccef5857ac/uploads/2018/04/2018042355.pdf,124,ெச (cid:169)(cid:163)(cid:427),true
Tamil Nadu,Villupuram,Vikkiravandi,THIRUNANTHIPURAM,https://cdn.s3waas.gov.in/s3e44fea3bec53bcea3b7513ccef5857ac/uploads/2018/04/2018042355.pdf,034,ெச (cid:169)(cid:163)(cid:427),true
Tamil Nadu,Villupuram,Vikkiravandi,VELIYANTHAL,https://cdn.s3waas.gov.in/s3e44fea3bec53bcea3b7513ccef5857ac/uploads/2018/04/2018042355.pdf,042,ெச (cid:169)(cid:163)(cid:427),true
Tamil Nadu,Villupuram,Vikkiravandi,VEMBI,https://cdn.s3waas.gov.in/s3e44fea3bec53bcea3b7513ccef5857ac/uploads/2018/04/2018042355.pdf,121,ெச (cid:169)(cid:163)(cid:427),true
Tamil Nadu,Villupuram,Vikkiravandi,VENGAYAKUPPAM,https://cdn.s3waas.gov.in/s3e44fea3bec53bcea3b7513ccef5857ac/uploads/2018/04/2018042355.pdf,039,ெச (cid:169)(cid:163)(cid:427),true
Tamil Nadu,Villupuram,Vikkiravandi,YESALAM,https://cdn.s3waas.gov.in/s3e44fea3bec53bcea3b7513ccef5857ac/uploads/2018/04/2018042355.pdf,125,ெச (cid:169)(cid:163)(cid:427),true
Tamil Nadu,Villupuram,Vikkiravandi,AMMANANGKUPPAM,https://cdn.s3waas.gov.in/s3e44fea3bec53bcea3b7513ccef5857ac/uploads/2018/04/2018042355.pdf,209,ெச (cid:169)(cid:163)(cid:427),true
Tamil Nadu,Villupuram,Vikkiravandi,CHINNABABUSAMUTHIRAM,https://cdn.s3waas.gov.in/s3e44fea3bec53bcea3b7513ccef5857ac/uploads/2018/04/2018042355.pdf,212,ெச (cid:169)(cid:163)(cid:427),true
Tamil Nadu,Villupuram,Vikkiravandi,KALINGAMALAI,https://cdn.s3waas.gov.in/s3e44fea3bec53bcea3b7513ccef5857ac/uploads/2018/04/2018042355.pdf,204,ெச (cid:169)(cid:163)(cid:427),true
Tamil Nadu,Villupuram,Vikkiravandi,KALITHIRAMPATTU,https://cdn.s3waas.gov.in/s3e44fea3bec53bcea3b7513ccef5857ac/uploads/2018/04/2018042355.pdf,207,ெச (cid:169)(cid:163)(cid:427),true
Tamil Nadu,Villupuram,Vikkiravandi,KAPPIYAMPULIYUR,https://cdn.s3waas.gov.in/s3e44fea3bec53bcea3b7513ccef5857ac/uploads/2018/04/2018042355.pdf,146,ெச (cid:169)(cid:163)(cid:427),true
Tamil Nadu,Villupuram,Vikkiravandi,KODUKKUR,https://cdn.s3waas.gov.in/s3e44fea3bec53bcea3b7513ccef5857ac/uploads/2018/04/2018042355.pdf,201,ெச (cid:169)(cid:163)(cid:427),true
Tamil Nadu,Villupuram,Vikkiravandi,KUMULAM,https://cdn.s3waas.gov.in/s3e44fea3bec53bcea3b7513ccef5857ac/uploads/2018/04/2018042355.pdf,195,ெச (cid:169)(cid:163)(cid:427),true
Tamil Nadu,Villupuram,Vikkiravandi,KURAMPALAYAM,https://cdn.s3waas.gov.in/s3e44fea3bec53bcea3b7513ccef5857ac/uploads/2018/04/2018042355.pdf,198,ெச (cid:169)(cid:163)(cid:427),true
Tamil Nadu,Villupuram,Vikkiravandi,MATHURAPPAKKAM,https://cdn.s3waas.gov.in/s3e44fea3bec53bcea3b7513ccef5857ac/uploads/2018/04/2018042355.pdf,181,ெச (cid:169)(cid:163)(cid:427),true
Tamil Nadu,Villupuram,Vikkiravandi,MUNGILPATTU,https://cdn.s3waas.gov.in/s3e44fea3bec53bcea3b7513ccef5857ac/uploads/2018/04/2018042355.pdf,182,ெச (cid:169)(cid:163)(cid:427),true
Tamil Nadu,Villupuram,Vikkiravandi,MUTHALIAR KUPPAM,https://cdn.s3waas.gov.in/s3e44fea3bec53bcea3b7513ccef5857ac/uploads/2018/04/2018042355.pdf,194,ெச (cid:169)(cid:163)(cid:427),true
Tamil Nadu,Villupuram,Vikkiravandi,MUTTRAMPATTU,https://cdn.s3waas.gov.in/s3e44fea3bec53bcea3b7513ccef5857ac/uploads/2018/04/2018042355.pdf,202,ெச (cid:169)(cid:163)(cid:427),true
Tamil Nadu,Villupuram,Vikkiravandi,PAGANDAI,https://cdn.s3waas.gov.in/s3e44fea3bec53bcea3b7513ccef5857ac/uploads/2018/04/2018042355.pdf,185,ெச (cid:169)(cid:163)(cid:427),true
Tamil Nadu,Villupuram,Vikkiravandi,PAKKIRIPALAIYAM,https://cdn.s3waas.gov.in/s3e44fea3bec53bcea3b7513ccef5857ac/uploads/2018/04/2018042355.pdf,206,ெச (cid:169)(cid:163)(cid:427),true
Tamil Nadu,Villupuram,Vikkiravandi,PANAPPAKKAM,https://cdn.s3waas.gov.in/s3e44fea3bec53bcea3b7513ccef5857ac/uploads/2018/04/2018042355.pdf,142,uttapmalahtiS,true
Tamil Nadu,Villupuram,Vikkiravandi,PANAYAPURAM,https://cdn.s3waas.gov.in/s3e44fea3bec53bcea3b7513ccef5857ac/uploads/2018/04/2018042355.pdf,145,uttapmalahtiS,true
Tamil Nadu,Villupuram,Vikkiravandi,PAPPANAPATTU,https://cdn.s3waas.gov.in/s3e44fea3bec53bcea3b7513ccef5857ac/uploads/2018/04/2018042355.pdf,143,uttapmalahtiS,true
Tamil Nadu,Villupuram,Vikkiravandi,PERIABABUSAMUTHIRAM,https://cdn.s3waas.gov.in/s3e44fea3bec53bcea3b7513ccef5857ac/uploads/2018/04/2018042355.pdf,208,uttapmalahtiS,true
Tamil Nadu,Villupuram,Vikkiravandi,RADHAPURAM,https://cdn.s3waas.gov.in/s3e44fea3bec53bcea3b7513ccef5857ac/uploads/2018/04/2018042355.pdf,135,uttapmalahtiS,true
Tamil Nadu,Villupuram,Vikkiravandi,SEIYATHUVINNAN,https://cdn.s3waas.gov.in/s3e44fea3bec53bcea3b7513ccef5857ac/uploads/2018/04/2018042355.pdf,180,uttapmalahtiS,true
Tamil Nadu,Villupuram,Vikkiravandi,SESHANGANNUR,https://cdn.s3waas.gov.in/s3e44fea3bec53bcea3b7513ccef5857ac/uploads/2018/04/2018042355.pdf,197,uttapmalahtiS,true
Tamil Nadu,Villupuram,Vikkiravandi,SIRUVALLIKUPPAM,https://cdn.s3waas.gov.in/s3e44fea3bec53bcea3b7513ccef5857ac/uploads/2018/04/2018042355.pdf,137,uttapmalahtiS,true
Tamil Nadu,Villupuram,Vikkiravandi,SITHALAMPATTU,https://cdn.s3waas.gov.in/s3e44fea3bec53bcea3b7513ccef5857ac/uploads/2018/04/2018042355.pdf,200,uttapmalahtiS,true
Tamil Nadu,Villupuram,Vikkiravandi,SOZHAGANUR,https://cdn.s3waas.gov.in/s3e44fea3bec53bcea3b7513ccef5857ac/uploads/2018/04/2018042355.pdf,068,uttapmalahtiS,true
Tamil Nadu,Villupuram,Vikkiravandi,THENNAVARAYANPATTU,https://cdn.s3waas.gov.in/s3e44fea3bec53bcea3b7513ccef5857ac/uploads/2018/04/2018042355.pdf,184,uttapmalahtiS,true
Tamil Nadu,Villupuram,Vikkiravandi,THIRUMANGALAM,https://cdn.s3waas.gov.in/s3e44fea3bec53bcea3b7513ccef5857ac/uploads/2018/04/2018042355.pdf,199,uttapmalahtiS,true
Tamil Nadu,Villupuram,Vikkiravandi,THORAVI,https://cdn.s3waas.gov.in/s3e44fea3bec53bcea3b7513ccef5857ac/uploads/2018/04/2018042355.pdf,138,uttapmalahtiS,true
Tamil Nadu,Villupuram,Vikkiravandi,V.MATHUR,https://cdn.s3waas.gov.in/s3e44fea3bec53bcea3b7513ccef5857ac/uploads/2018/04/2018042355.pdf,183,uttapmalahtiS,true
Tamil Nadu,Villupuram,Vikkiravandi,V.NERKUNAM,https://cdn.s3waas.gov.in/s3e44fea3bec53bcea3b7513ccef5857ac/uploads/2018/04/2018042355.pdf,203,uttapmalahtiS,true
Tamil Nadu,Villupuram,Vikkiravandi,VADAKUCHIPALAYAM,https://cdn.s3waas.gov.in/s3e44fea3bec53bcea3b7513ccef5857ac/uploads/2018/04/2018042355.pdf,147,uttapmalahtiS,true
Tamil Nadu,Villupuram,Vikkiravandi,VAKUR,https://cdn.s3waas.gov.in/s3e44fea3bec53bcea3b7513ccef5857ac/uploads/2018/04/2018042355.pdf,179,uttapmalahtiS,true
Tamil Nadu,Villupuram,Vikkiravandi,VATHANUR,https://cdn.s3waas.gov.in/s3e44fea3bec53bcea3b7513ccef5857ac/uploads/2018/04/2018042355.pdf,196,uttapmalahtiS,true
Tamil Nadu,Villupuram,Vikkiravandi,VAZHUTHAVUR,https://cdn.s3waas.gov.in/s3e44fea3bec53bcea3b7513ccef5857ac/uploads/2018/04/2018042355.pdf,205,uttapmalahtiS,true
Tamil Nadu,Villupuram,Vikkiravandi,VETTUKKADU,https://cdn.s3waas.gov.in/s3e44fea3bec53bcea3b7513ccef5857ac/uploads/2018/04/2018042355.pdf,136,uttapmalahtiS,true
Tamil Nadu,Villupuram,Vikkiravandi,AASUR SOUTH,https://cdn.s3waas.gov.in/s3e44fea3bec53bcea3b7513ccef5857ac/uploads/2018/04/2018042355.pdf,122,uttapmalahtiS,true
Tamil Nadu,Villupuram,Vikkiravandi,AASUR(NORTH),https://cdn.s3waas.gov.in/s3e44fea3bec53bcea3b7513ccef5857ac/uploads/2018/04/2018042355.pdf,995,uttapmalahtiS,true
Tamil Nadu,Villupuram,Vikkiravandi,AAVADAIYARPATTU,https://cdn.s3waas.gov.in/s3e44fea3bec53bcea3b7513ccef5857ac/uploads/2018/04/2018042355.pdf,993,uttapmalahtiS,true
Tamil Nadu,Villupuram,Vikkiravandi,AYYUR AGARAM,https://cdn.s3waas.gov.in/s3e44fea3bec53bcea3b7513ccef5857ac/uploads/2018/04/2018042355.pdf,112,uttapmalahtiS,true
Tamil Nadu,Villupuram,Vikkiravandi,IYANGKOILPATTU,https://cdn.s3waas.gov.in/s3e44fea3bec53bcea3b7513ccef5857ac/uploads/2018/04/2018042355.pdf,111,uttapmalahtiS,true
Tamil Nadu,Villupuram,Vikkiravandi,KAYATHUR,https://cdn.s3waas.gov.in/s3e44fea3bec53bcea3b7513ccef5857ac/uploads/2018/04/2018042355.pdf,134,uttapmalahtiS,true
Tamil Nadu,Villupuram,Vikkiravandi,KONGARAMPOONDI,https://cdn.s3waas.gov.in/s3e44fea3bec53bcea3b7513ccef5857ac/uploads/2018/04/2018042355.pdf,128,uttapmalahtiS,true
Tamil Nadu,Villupuram,Vikkiravandi,KOTTIYAMPOONDI,https://cdn.s3waas.gov.in/s3e44fea3bec53bcea3b7513ccef5857ac/uploads/2018/04/2018042355.pdf,118,uttapmalahtiS,true
Tamil Nadu,Villupuram,Vikkiravandi,KUTTHAMPOONDI,https://cdn.s3waas.gov.in/s3e44fea3bec53bcea3b7513ccef5857ac/uploads/2018/04/2018042355.pdf,131,idnavarakkiV,true
Tamil Nadu,Villupuram,Vikkiravandi,MELAKKONTHAI,https://cdn.s3waas.gov.in/s3e44fea3bec53bcea3b7513ccef5857ac/uploads/2018/04/2018042355.pdf,139,idnavarakkiV,true
Tamil Nadu,Villupuram,Vikkiravandi,MUNDIYAMPAKKAM,https://cdn.s3waas.gov.in/s3e44fea3bec53bcea3b7513ccef5857ac/uploads/2018/04/2018042355.pdf,144,idnavarakkiV,true
Tamil Nadu,Villupuram,Vikkiravandi,OLAGALAMPOONDI,https://cdn.s3waas.gov.in/s3e44fea3bec53bcea3b7513ccef5857ac/uploads/2018/04/2018042355.pdf,119,idnavarakkiV,true
Tamil Nadu,Villupuram,Vikkiravandi,ORATHUR,https://cdn.s3waas.gov.in/s3e44fea3bec53bcea3b7513ccef5857ac/uploads/2018/04/2018042355.pdf,114,idnavarakkiV,true
Tamil Nadu,Villupuram,Vikkiravandi,PILLAIARKUPPAM,https://cdn.s3waas.gov.in/s3e44fea3bec53bcea3b7513ccef5857ac/uploads/2018/04/2018042355.pdf,133,idnavarakkiV,true
Tamil Nadu,Villupuram,Vikkiravandi,REDDYKUPPAM,https://cdn.s3waas.gov.in/s3e44fea3bec53bcea3b7513ccef5857ac/uploads/2018/04/2018042355.pdf,132,idnavarakkiV,true
Tamil Nadu,Villupuram,Vikkiravandi,THENNAMADEVI,https://cdn.s3waas.gov.in/s3e44fea3bec53bcea3b7513ccef5857ac/uploads/2018/04/2018042355.pdf,113,idnavarakkiV,true
Tamil Nadu,Villupuram,Vikkiravandi,THIRUVAMATHUR,https://cdn.s3waas.gov.in/s3e44fea3bec53bcea3b7513ccef5857ac/uploads/2018/04/2018042355.pdf,110,idnavarakkiV,true
Tamil Nadu,Villupuram,Vikkiravandi,THUMPUR,https://cdn.s3waas.gov.in/s3e44fea3bec53bcea3b7513ccef5857ac/uploads/2018/04/2018042355.pdf,117,idnavarakkiV,true
Tamil Nadu,Villupuram,Vikkiravandi,V.SALAI,https://cdn.s3waas.gov.in/s3e44fea3bec53bcea3b7513ccef5857ac/uploads/2018/04/2018042355.pdf,130,(cid:162)(cid:127)(cid:170)(cid:427),true
Tamil Nadu,Villupuram,Vikkiravandi,V.SATHANUR,https://cdn.s3waas.gov.in/s3e44fea3bec53bcea3b7513ccef5857ac/uploads/2018/04/2018042355.pdf,141,(cid:162)(cid:127)(cid:170)(cid:427),true
Tamil Nadu,Villupuram,Vikkiravandi,VIKKIRAVANDI EAST,https://cdn.s3waas.gov.in/s3e44fea3bec53bcea3b7513ccef5857ac/uploads/2018/04/2018042355.pdf,140,(cid:162)(cid:127)(cid:170)(cid:427),true
Tamil Nadu,Villupuram,Vikkiravandi,VIKKIRAVANDI WEST,https://cdn.s3waas.gov.in/s3e44fea3bec53bcea3b7513ccef5857ac/uploads/2018/04/2018042355.pdf,992,(cid:162)(cid:127)(cid:170)(cid:427),true
Tamil Nadu,Villupuram,Marakkanam,ARIYATHANKAL,https://cdn.s3waas.gov.in/s3e44fea3bec53bcea3b7513ccef5857ac/uploads/2018/04/2018042328.pdf,153,,true
Tamil Nadu,Villupuram,Marakkanam,AZHAGIAPAKKAM,https://cdn.s3waas.gov.in/s3e44fea3bec53bcea3b7513ccef5857ac/uploads/2018/04/2018042328.pdf,159,,true
Tamil Nadu,Villupuram,Marakkanam,CHOKKANTHANGAL,https://cdn.s3waas.gov.in/s3e44fea3bec53bcea3b7513ccef5857ac/uploads/2018/04/2018042328.pdf,158,,true
Tamil Nadu,Villupuram,Marakkanam,ENTHOOR,https://cdn.s3waas.gov.in/s3e44fea3bec53bcea3b7513ccef5857ac/uploads/2018/04/2018042328.pdf,152,,true
Tamil Nadu,Villupuram,Marakkanam,KEZHSIVIRI,https://cdn.s3waas.gov.in/s3e44fea3bec53bcea3b7513ccef5857ac/uploads/2018/04/2018042328.pdf,148,,true
Tamil Nadu,Villupuram,Marakkanam,KILARUNGUNAM,https://cdn.s3waas.gov.in/s3e44fea3bec53bcea3b7513ccef5857ac/uploads/2018/04/2018042328.pdf,160,,true
Tamil Nadu,Villupuram,Marakkanam,MADAVANTHANGAL,https://cdn.s3waas.gov.in/s3e44fea3bec53bcea3b7513ccef5857ac/uploads/2018/04/2018042328.pdf,993,,true
Tamil Nadu,Villupuram,Marakkanam,NALMUKKAL,https://cdn.s3waas.gov.in/s3e44fea3bec53bcea3b7513ccef5857ac/uploads/2018/04/2018042328.pdf,157,,true
Tamil Nadu,Villupuram,Marakkanam,PAZHAMUKKAL,https://cdn.s3waas.gov.in/s3e44fea3bec53bcea3b7513ccef5857ac/uploads/2018/04/2018042328.pdf,146,,true
Tamil Nadu,Villupuram,Marakkanam,PERUMUKKAL,https://cdn.s3waas.gov.in/s3e44fea3bec53bcea3b7513ccef5857ac/uploads/2018/04/2018042328.pdf,145,,true
Tamil Nadu,Villupuram,Marakkanam,PRAMMADESAM,https://cdn.s3waas.gov.in/s3e44fea3bec53bcea3b7513ccef5857ac/uploads/2018/04/2018042328.pdf,236,,true
Tamil Nadu,Villupuram,Marakkanam,T.NALLALAM,https://cdn.s3waas.gov.in/s3e44fea3bec53bcea3b7513ccef5857ac/uploads/2018/04/2018042328.pdf,149,,true
Tamil Nadu,Villupuram,Marakkanam,THENERI,https://cdn.s3waas.gov.in/s3e44fea3bec53bcea3b7513ccef5857ac/uploads/2018/04/2018042328.pdf,147,,true
Tamil Nadu,Villupuram,Marakkanam,VADAKOLAPPAKKAM,https://cdn.s3waas.gov.in/s3e44fea3bec53bcea3b7513ccef5857ac/uploads/2018/04/2018042328.pdf,961,,true
Tamil Nadu,Villupuram,Marakkanam,VANNIPER,https://cdn.s3waas.gov.in/s3e44fea3bec53bcea3b7513ccef5857ac/uploads/2018/04/2018042328.pdf,151,,true
Tamil Nadu,Villupuram,Marakkanam,AALAPAKKAM,https://cdn.s3waas.gov.in/s3e44fea3bec53bcea3b7513ccef5857ac/uploads/2018/04/2018042328.pdf,911,,true
Tamil Nadu,Villupuram,Marakkanam,AALATHOOR,https://cdn.s3waas.gov.in/s3e44fea3bec53bcea3b7513ccef5857ac/uploads/2018/04/2018042328.pdf,206,,true
Tamil Nadu,Villupuram,Marakkanam,AATCHIKADU,https://cdn.s3waas.gov.in/s3e44fea3bec53bcea3b7513ccef5857ac/uploads/2018/04/2018042328.pdf,912,,true
Tamil Nadu,Villupuram,Marakkanam,ANUMANTHAI,https://cdn.s3waas.gov.in/s3e44fea3bec53bcea3b7513ccef5857ac/uploads/2018/04/2018042328.pdf,212,,true
Tamil Nadu,Villupuram,Marakkanam,ASAPPOOR,https://cdn.s3waas.gov.in/s3e44fea3bec53bcea3b7513ccef5857ac/uploads/2018/04/2018042328.pdf,207,,true
Tamil Nadu,Villupuram,Marakkanam,CHETTIKUPPAM,https://cdn.s3waas.gov.in/s3e44fea3bec53bcea3b7513ccef5857ac/uploads/2018/04/2018042328.pdf,223,,true
Tamil Nadu,Villupuram,Marakkanam,KANTHADU (EAST),https://cdn.s3waas.gov.in/s3e44fea3bec53bcea3b7513ccef5857ac/uploads/2018/04/2018042328.pdf,209,,true
Tamil Nadu,Villupuram,Marakkanam,KANTHADU (WEST),https://cdn.s3waas.gov.in/s3e44fea3bec53bcea3b7513ccef5857ac/uploads/2018/04/2018042328.pdf,201,,true
Tamil Nadu,Villupuram,Marakkanam,KEEZHPUTHUPATTU,https://cdn.s3waas.gov.in/s3e44fea3bec53bcea3b7513ccef5857ac/uploads/2018/04/2018042328.pdf,225,,true
Tamil Nadu,Villupuram,Marakkanam,KESAVANAYAKANPALAYAM,https://cdn.s3waas.gov.in/s3e44fea3bec53bcea3b7513ccef5857ac/uploads/2018/04/2018042328.pdf,220,,true
Tamil Nadu,Villupuram,Marakkanam,KEZHPETTAI,https://cdn.s3waas.gov.in/s3e44fea3bec53bcea3b7513ccef5857ac/uploads/2018/04/2018042328.pdf,211,,true
Tamil Nadu,Villupuram,Marakkanam,KOONIMEDU,https://cdn.s3waas.gov.in/s3e44fea3bec53bcea3b7513ccef5857ac/uploads/2018/04/2018042328.pdf,224,,true
Tamil Nadu,Villupuram,Marakkanam,KURUMPARAM,https://cdn.s3waas.gov.in/s3e44fea3bec53bcea3b7513ccef5857ac/uploads/2018/04/2018042328.pdf,208,,true
Tamil Nadu,Villupuram,Marakkanam,M.PUTHUPPAKKAM,https://cdn.s3waas.gov.in/s3e44fea3bec53bcea3b7513ccef5857ac/uploads/2018/04/2018042328.pdf,218,,true
Tamil Nadu,Villupuram,Marakkanam,MARAKKANAM (NORTH),https://cdn.s3waas.gov.in/s3e44fea3bec53bcea3b7513ccef5857ac/uploads/2018/04/2018042328.pdf,210,,true
Tamil Nadu,Villupuram,Marakkanam,MARAKKANAM SOUTH,https://cdn.s3waas.gov.in/s3e44fea3bec53bcea3b7513ccef5857ac/uploads/2018/04/2018042328.pdf,998,,true
Tamil Nadu,Villupuram,Marakkanam,OORANI,https://cdn.s3waas.gov.in/s3e44fea3bec53bcea3b7513ccef5857ac/uploads/2018/04/2018042328.pdf,216,,true
Tamil Nadu,Villupuram,Marakkanam,PANICHAMEDU,https://cdn.s3waas.gov.in/s3e44fea3bec53bcea3b7513ccef5857ac/uploads/2018/04/2018042328.pdf,213,,true
Tamil Nadu,Villupuram,Marakkanam,SEIYANGKUPPAM,https://cdn.s3waas.gov.in/s3e44fea3bec53bcea3b7513ccef5857ac/uploads/2018/04/2018042328.pdf,222,,true
Tamil Nadu,Villupuram,Marakkanam,THIRUKANOOR,https://cdn.s3waas.gov.in/s3e44fea3bec53bcea3b7513ccef5857ac/uploads/2018/04/2018042328.pdf,219,,true
Tamil Nadu,Villupuram,Marakkanam,VADAAGARAM,https://cdn.s3waas.gov.in/s3e44fea3bec53bcea3b7513ccef5857ac/uploads/2018/04/2018042328.pdf,217,,true
Tamil Nadu,Villupuram,Marakkanam,AALANGKUPAM,https://cdn.s3waas.gov.in/s3e44fea3bec53bcea3b7513ccef5857ac/uploads/2018/04/2018042328.pdf,193,,true
Tamil Nadu,Villupuram,Marakkanam,ADASAL,https://cdn.s3waas.gov.in/s3e44fea3bec53bcea3b7513ccef5857ac/uploads/2018/04/2018042328.pdf,202,,true
Tamil Nadu,Villupuram,Marakkanam,ADAVALLIKOOTHAN,https://cdn.s3waas.gov.in/s3e44fea3bec53bcea3b7513ccef5857ac/uploads/2018/04/2018042328.pdf,200,,true
Tamil Nadu,Villupuram,Marakkanam,KOLATHUR,https://cdn.s3waas.gov.in/s3e44fea3bec53bcea3b7513ccef5857ac/uploads/2018/04/2018042328.pdf,203,,true
Tamil Nadu,Villupuram,Marakkanam,KURUR,https://cdn.s3waas.gov.in/s3e44fea3bec53bcea3b7513ccef5857ac/uploads/2018/04/2018042328.pdf,182,,true
Tamil Nadu,Villupuram,Marakkanam,MUNNUR NORTH,https://cdn.s3waas.gov.in/s3e44fea3bec53bcea3b7513ccef5857ac/uploads/2018/04/2018042328.pdf,198,(cid:148)(cid:176)(cid:427),true
Tamil Nadu,Villupuram,Marakkanam,MUNNUR SOUTH,https://cdn.s3waas.gov.in/s3e44fea3bec53bcea3b7513ccef5857ac/uploads/2018/04/2018042328.pdf,234,(cid:148)(cid:176)(cid:427),true
Tamil Nadu,Villupuram,Marakkanam,MURUKKERI,https://cdn.s3waas.gov.in/s3e44fea3bec53bcea3b7513ccef5857ac/uploads/2018/04/2018042328.pdf,196,(cid:148)(cid:176)(cid:427),true
Tamil Nadu,Villupuram,Marakkanam,NADUKUPPAM WEST,https://cdn.s3waas.gov.in/s3e44fea3bec53bcea3b7513ccef5857ac/uploads/2018/04/2018042328.pdf,921,(cid:148)(cid:176)(cid:427),true
Tamil Nadu,Villupuram,Marakkanam,NADUKUPPAM EAST,https://cdn.s3waas.gov.in/s3e44fea3bec53bcea3b7513ccef5857ac/uploads/2018/04/2018042328.pdf,221,(cid:148)(cid:176)(cid:427),true
Tamil Nadu,Villupuram,Marakkanam,NAGALPAKKAM,https://cdn.s3waas.gov.in/s3e44fea3bec53bcea3b7513ccef5857ac/uploads/2018/04/2018042328.pdf,188,(cid:148)(cid:176)(cid:427),true
Tamil Nadu,Villupuram,Marakkanam,NAGAR,https://cdn.s3waas.gov.in/s3e44fea3bec53bcea3b7513ccef5857ac/uploads/2018/04/2018042328.pdf,190,(cid:148)(cid:176)(cid:427),true
Tamil Nadu,Villupuram,Marakkanam,NALLOOR,https://cdn.s3waas.gov.in/s3e44fea3bec53bcea3b7513ccef5857ac/uploads/2018/04/2018042328.pdf,186,(cid:148)(cid:176)(cid:427),true
Tamil Nadu,Villupuram,Marakkanam,OMIPER,https://cdn.s3waas.gov.in/s3e44fea3bec53bcea3b7513ccef5857ac/uploads/2018/04/2018042328.pdf,197,(cid:148)(cid:176)(cid:427),true
Tamil Nadu,Villupuram,Marakkanam,PANTHADU,https://cdn.s3waas.gov.in/s3e44fea3bec53bcea3b7513ccef5857ac/uploads/2018/04/2018042328.pdf,187,(cid:148)(cid:176)(cid:427),true
Tamil Nadu,Villupuram,Marakkanam,RAYANALLUR,https://cdn.s3waas.gov.in/s3e44fea3bec53bcea3b7513ccef5857ac/uploads/2018/04/2018042328.pdf,189,(cid:148)(cid:176)(cid:427),true
Tamil Nadu,Villupuram,Marakkanam,SATHAMANGALAM,https://cdn.s3waas.gov.in/s3e44fea3bec53bcea3b7513ccef5857ac/uploads/2018/04/2018042328.pdf,997,(cid:148)(cid:176)(cid:427),true
Tamil Nadu,Villupuram,Marakkanam,SINGANANTHAL,https://cdn.s3waas.gov.in/s3e44fea3bec53bcea3b7513ccef5857ac/uploads/2018/04/2018042328.pdf,195,(cid:148)(cid:176)(cid:427),true
Tamil Nadu,Villupuram,Marakkanam,SIRUVADI,https://cdn.s3waas.gov.in/s3e44fea3bec53bcea3b7513ccef5857ac/uploads/2018/04/2018042328.pdf,204,(cid:148)(cid:176)(cid:427),true
Tamil Nadu,Villupuram,Marakkanam,SORAPATTU,https://cdn.s3waas.gov.in/s3e44fea3bec53bcea3b7513ccef5857ac/uploads/2018/04/2018042328.pdf,199,(cid:148)(cid:176)(cid:427),true
Tamil Nadu,Villupuram,Marakkanam,VADAKODIPPAKKAM,https://cdn.s3waas.gov.in/s3e44fea3bec53bcea3b7513ccef5857ac/uploads/2018/04/2018042328.pdf,205,(cid:148)(cid:176)(cid:427),true
Tamil Nadu,Villupuram,Marakkanam,VADANERKUNAM,https://cdn.s3waas.gov.in/s3e44fea3bec53bcea3b7513ccef5857ac/uploads/2018/04/2018042328.pdf,184,(cid:148)(cid:176)(cid:427),true
Tamil Nadu,Villupuram,Marakkanam,VAIDAPPAKKAM,https://cdn.s3waas.gov.in/s3e44fea3bec53bcea3b7513ccef5857ac/uploads/2018/04/2018042328.pdf,191,(cid:148)(cid:176)(cid:427),true
Tamil Nadu,Villupuram,Marakkanam,VEPPERY,https://cdn.s3waas.gov.in/s3e44fea3bec53bcea3b7513ccef5857ac/uploads/2018/04/2018042328.pdf,194,(cid:148)(cid:176)(cid:427),true
Tamil Nadu,Villupuram,Kandachipuram,AA. KOODALUR,https://cdn.s3waas.gov.in/s3e44fea3bec53bcea3b7513ccef5857ac/uploads/2018/04/2018042347.pdf,152,,true
Tamil Nadu,Villupuram,Kandachipuram,AAYANTHUR,https://cdn.s3waas.gov.in/s3e44fea3bec53bcea3b7513ccef5857ac/uploads/2018/04/2018042347.pdf,149,,true
Tamil Nadu,Villupuram,Kandachipuram,ALAMPADI,https://cdn.s3waas.gov.in/s3e44fea3bec53bcea3b7513ccef5857ac/uploads/2018/04/2018042347.pdf,128,,true
Tamil Nadu,Villupuram,Kandachipuram,APPANANTHAL,https://cdn.s3waas.gov.in/s3e44fea3bec53bcea3b7513ccef5857ac/uploads/2018/04/2018042347.pdf,130,,true
Tamil Nadu,Villupuram,Kandachipuram,ARCOT (SOUTH),https://cdn.s3waas.gov.in/s3e44fea3bec53bcea3b7513ccef5857ac/uploads/2018/04/2018042347.pdf,995,,true
Tamil Nadu,Villupuram,Kandachipuram,ARCOT (WEST),https://cdn.s3waas.gov.in/s3e44fea3bec53bcea3b7513ccef5857ac/uploads/2018/04/2018042347.pdf,153,,true
Tamil Nadu,Villupuram,Kandachipuram,ARULAVADI,https://cdn.s3waas.gov.in/s3e44fea3bec53bcea3b7513ccef5857ac/uploads/2018/04/2018042347.pdf,154,,true
Tamil Nadu,Villupuram,Kandachipuram,CHENGAMEDU,https://cdn.s3waas.gov.in/s3e44fea3bec53bcea3b7513ccef5857ac/uploads/2018/04/2018042347.pdf,129,,true
Tamil Nadu,Villupuram,Kandachipuram,CHENNAKUNAM,https://cdn.s3waas.gov.in/s3e44fea3bec53bcea3b7513ccef5857ac/uploads/2018/04/2018042347.pdf,148,,true
Tamil Nadu,Villupuram,Kandachipuram,CHITHATHUR,https://cdn.s3waas.gov.in/s3e44fea3bec53bcea3b7513ccef5857ac/uploads/2018/04/2018042347.pdf,145,,true
Tamil Nadu,Villupuram,Kandachipuram,KADAKANOOR,https://cdn.s3waas.gov.in/s3e44fea3bec53bcea3b7513ccef5857ac/uploads/2018/04/2018042347.pdf,086,,true
Tamil Nadu,Villupuram,Kandachipuram,KANDACHEEPURAM,https://cdn.s3waas.gov.in/s3e44fea3bec53bcea3b7513ccef5857ac/uploads/2018/04/2018042347.pdf,139,,true
Tamil Nadu,Villupuram,Kandachipuram,KASPAKARANAI,https://cdn.s3waas.gov.in/s3e44fea3bec53bcea3b7513ccef5857ac/uploads/2018/04/2018042347.pdf,143,,true
Tamil Nadu,Villupuram,Kandachipuram,KEEZHVALAI,https://cdn.s3waas.gov.in/s3e44fea3bec53bcea3b7513ccef5857ac/uploads/2018/04/2018042347.pdf,141,,true
Tamil Nadu,Villupuram,Kandachipuram,KINGILIVADI,https://cdn.s3waas.gov.in/s3e44fea3bec53bcea3b7513ccef5857ac/uploads/2018/04/2018042347.pdf,125,,true
Tamil Nadu,Villupuram,Kandachipuram,KODUNGAL,https://cdn.s3waas.gov.in/s3e44fea3bec53bcea3b7513ccef5857ac/uploads/2018/04/2018042347.pdf,151,,true
Tamil Nadu,Villupuram,Kandachipuram,MADAVILAGAM,https://cdn.s3waas.gov.in/s3e44fea3bec53bcea3b7513ccef5857ac/uploads/2018/04/2018042347.pdf,138,,true
Tamil Nadu,Villupuram,Kandachipuram,MELVALAI,https://cdn.s3waas.gov.in/s3e44fea3bec53bcea3b7513ccef5857ac/uploads/2018/04/2018042347.pdf,140,,true
Tamil Nadu,Villupuram,Kandachipuram,MUGAIYUR,https://cdn.s3waas.gov.in/s3e44fea3bec53bcea3b7513ccef5857ac/uploads/2018/04/2018042347.pdf,150,,true
Tamil Nadu,Villupuram,Kandachipuram,ODUVANKUPPAM,https://cdn.s3waas.gov.in/s3e44fea3bec53bcea3b7513ccef5857ac/uploads/2018/04/2018042347.pdf,144,,true
Tamil Nadu,Villupuram,Kandachipuram,OTHIYATHUR,https://cdn.s3waas.gov.in/s3e44fea3bec53bcea3b7513ccef5857ac/uploads/2018/04/2018042347.pdf,142,,true
Tamil Nadu,Villupuram,Kandachipuram,PERICHANUR,https://cdn.s3waas.gov.in/s3e44fea3bec53bcea3b7513ccef5857ac/uploads/2018/04/2018042347.pdf,146,,true
Tamil Nadu,Villupuram,Kandachipuram,PULRAMPATTU,https://cdn.s3waas.gov.in/s3e44fea3bec53bcea3b7513ccef5857ac/uploads/2018/04/2018042347.pdf,083,,true
Tamil Nadu,Villupuram,Kandachipuram,SATHIYAKANDANUR,https://cdn.s3waas.gov.in/s3e44fea3bec53bcea3b7513ccef5857ac/uploads/2018/04/2018042347.pdf,127,,true
Tamil Nadu,Villupuram,Kandachipuram,SITHERIPATTU,https://cdn.s3waas.gov.in/s3e44fea3bec53bcea3b7513ccef5857ac/uploads/2018/04/2018042347.pdf,147,,true
Tamil Nadu,Villupuram,Kandachipuram,THANIKALAMPATTU,https://cdn.s3waas.gov.in/s3e44fea3bec53bcea3b7513ccef5857ac/uploads/2018/04/2018042347.pdf,126,,true
Tamil Nadu,Villupuram,Kandachipuram,VE. SITHAMOOR,https://cdn.s3waas.gov.in/s3e44fea3bec53bcea3b7513ccef5857ac/uploads/2018/04/2018042347.pdf,085,,true
Tamil Nadu,Villupuram,Kandachipuram,VE.PUDUPALAYAM,https://cdn.s3waas.gov.in/s3e44fea3bec53bcea3b7513ccef5857ac/uploads/2018/04/2018042347.pdf,137,,true
Tamil Nadu,Villupuram,Kandachipuram,VEDALAM,https://cdn.s3waas.gov.in/s3e44fea3bec53bcea3b7513ccef5857ac/uploads/2018/04/2018042347.pdf,084,,true
Tamil Nadu,Villupuram,Kandachipuram,VEERANGIPURAM,https://cdn.s3waas.gov.in/s3e44fea3bec53bcea3b7513ccef5857ac/uploads/2018/04/2018042347.pdf,136,,true
Tamil Nadu,Villupuram,Kandachipuram,VEERASOZHAPURAM,https://cdn.s3waas.gov.in/s3e44fea3bec53bcea3b7513ccef5857ac/uploads/2018/04/2018042347.pdf,121,,true
Tamil Nadu,Villupuram,Kandachipuram,AADOOR KOLAPPAKKAM,https://cdn.s3waas.gov.in/s3e44fea3bec53bcea3b7513ccef5857ac/uploads/2018/04/2018042347.pdf,066,,true
Tamil Nadu,Villupuram,Kandachipuram,ADUKAM,https://cdn.s3waas.gov.in/s3e44fea3bec53bcea3b7513ccef5857ac/uploads/2018/04/2018042347.pdf,135,,true
Tamil Nadu,Villupuram,Kandachipuram,ANTHILI,https://cdn.s3waas.gov.in/s3e44fea3bec53bcea3b7513ccef5857ac/uploads/2018/04/2018042347.pdf,062,,true
Tamil Nadu,Villupuram,Kandachipuram,ARAKANDANALLUR,https://cdn.s3waas.gov.in/s3e44fea3bec53bcea3b7513ccef5857ac/uploads/2018/04/2018042347.pdf,063,,true
Tamil Nadu,Villupuram,Kandachipuram,ARASANGKUPPAM,https://cdn.s3waas.gov.in/s3e44fea3bec53bcea3b7513ccef5857ac/uploads/2018/04/2018042347.pdf,078,,true
Tamil Nadu,Villupuram,Kandachipuram,ARUMALAI,https://cdn.s3waas.gov.in/s3e44fea3bec53bcea3b7513ccef5857ac/uploads/2018/04/2018042347.pdf,089,,true
Tamil Nadu,Villupuram,Kandachipuram,ARUNAPURAM,https://cdn.s3waas.gov.in/s3e44fea3bec53bcea3b7513ccef5857ac/uploads/2018/04/2018042347.pdf,132,,true
Tamil Nadu,Villupuram,Kandachipuram,ATHICHANUR,https://cdn.s3waas.gov.in/s3e44fea3bec53bcea3b7513ccef5857ac/uploads/2018/04/2018042347.pdf,075,,true
Tamil Nadu,Villupuram,Kandachipuram,DEVANOOR,https://cdn.s3waas.gov.in/s3e44fea3bec53bcea3b7513ccef5857ac/uploads/2018/04/2018042347.pdf,064,,true
Tamil Nadu,Villupuram,Kandachipuram,EMAPER,https://cdn.s3waas.gov.in/s3e44fea3bec53bcea3b7513ccef5857ac/uploads/2018/04/2018042347.pdf,090,,true
Tamil Nadu,Villupuram,Kandachipuram,KALLANTHAL,https://cdn.s3waas.gov.in/s3e44fea3bec53bcea3b7513ccef5857ac/uploads/2018/04/2018042347.pdf,131,,true
Tamil Nadu,Villupuram,Kandachipuram,KIZHAKONDUR,https://cdn.s3waas.gov.in/s3e44fea3bec53bcea3b7513ccef5857ac/uploads/2018/04/2018042347.pdf,123,,true
Tamil Nadu,Villupuram,Kandachipuram,KODUKKAPATTU,https://cdn.s3waas.gov.in/s3e44fea3bec53bcea3b7513ccef5857ac/uploads/2018/04/2018042347.pdf,073,rullanadnagarA,true
Tamil Nadu,Villupuram,Kandachipuram,KOTTAMARUDUR,https://cdn.s3waas.gov.in/s3e44fea3bec53bcea3b7513ccef5857ac/uploads/2018/04/2018042347.pdf,065,rullanadnagarA,true
Tamil Nadu,Villupuram,Kandachipuram,KUDAMURUTI,https://cdn.s3waas.gov.in/s3e44fea3bec53bcea3b7513ccef5857ac/uploads/2018/04/2018042347.pdf,059,rullanadnagarA,true
Tamil Nadu,Villupuram,Kandachipuram,MANAMPOONDI,https://cdn.s3waas.gov.in/s3e44fea3bec53bcea3b7513ccef5857ac/uploads/2018/04/2018042347.pdf,060,rullanadnagarA,true
Tamil Nadu,Villupuram,Kandachipuram,MELAKONDUR,https://cdn.s3waas.gov.in/s3e44fea3bec53bcea3b7513ccef5857ac/uploads/2018/04/2018042347.pdf,124,rullanadnagarA,true
Tamil Nadu,Villupuram,Kandachipuram,NAYANUR,https://cdn.s3waas.gov.in/s3e44fea3bec53bcea3b7513ccef5857ac/uploads/2018/04/2018042347.pdf,079,rullanadnagarA,true
Tamil Nadu,Villupuram,Kandachipuram,NERKUNAM,https://cdn.s3waas.gov.in/s3e44fea3bec53bcea3b7513ccef5857ac/uploads/2018/04/2018042347.pdf,091,rullanadnagarA,true
Tamil Nadu,Villupuram,Kandachipuram,OTTAMPATTU,https://cdn.s3waas.gov.in/s3e44fea3bec53bcea3b7513ccef5857ac/uploads/2018/04/2018042347.pdf,133,rullanadnagarA,true
Tamil Nadu,Villupuram,Kandachipuram,PARANOOR,https://cdn.s3waas.gov.in/s3e44fea3bec53bcea3b7513ccef5857ac/uploads/2018/04/2018042347.pdf,122,rullanadnagarA,true
Tamil Nadu,Villupuram,Kandachipuram,PULIKAL,https://cdn.s3waas.gov.in/s3e44fea3bec53bcea3b7513ccef5857ac/uploads/2018/04/2018042347.pdf,077,rullanadnagarA,true
Tamil Nadu,Villupuram,Kandachipuram,SU.KOLLUR,https://cdn.s3waas.gov.in/s3e44fea3bec53bcea3b7513ccef5857ac/uploads/2018/04/2018042347.pdf,087,rullanadnagarA,true
Tamil Nadu,Villupuram,Kandachipuram,THANDARAI,https://cdn.s3waas.gov.in/s3e44fea3bec53bcea3b7513ccef5857ac/uploads/2018/04/2018042347.pdf,134,rullanadnagarA,true
Tamil Nadu,Villupuram,Kandachipuram,THIRUMALAIPATTU,https://cdn.s3waas.gov.in/s3e44fea3bec53bcea3b7513ccef5857ac/uploads/2018/04/2018042347.pdf,081,rullanadnagarA,true
Tamil Nadu,Villupuram,Kandachipuram,V. PUTHUR,https://cdn.s3waas.gov.in/s3e44fea3bec53bcea3b7513ccef5857ac/uploads/2018/04/2018042347.pdf,088,rullanadnagarA,true
Tamil Nadu,Villupuram,Kandachipuram,VADAKARAITHALANUR,https://cdn.s3waas.gov.in/s3e44fea3bec53bcea3b7513ccef5857ac/uploads/2018/04/2018042347.pdf,082,rullanadnagarA,true
Tamil Nadu,Villupuram,Kandachipuram,VEERAPONDY,https://cdn.s3waas.gov.in/s3e44fea3bec53bcea3b7513ccef5857ac/uploads/2018/04/2018042347.pdf,076,rullanadnagarA,true
Tamil Nadu,Villupuram,Kandachipuram,VASANTHA,https://cdn.s3waas.gov.in/s3e44fea3bec53bcea3b7513ccef5857ac/uploads/2018/04/2018042347.pdf,074,rullanadnagarA,true
Tamil Nadu,Villupuram,Kandachipuram,KRISHNAPURAM,https://cdn.s3waas.gov.in/s3e44fea3bec53bcea3b7513ccef5857ac/uploads/2018/04/2018042347.pdf,,rullanadnagarA,true
Tamil Nadu,Villupuram,Kandachipuram,VELAKULAM,https://cdn.s3waas.gov.in/s3e44fea3bec53bcea3b7513ccef5857ac/uploads/2018/04/2018042347.pdf,072,rullanadnagarA,true
Tamil Nadu,Villupuram,Melmalaiyanur,AVALURPETTAI,https://cdn.s3waas.gov.in/s3e44fea3bec53bcea3b7513ccef5857ac/uploads/2018/04/2018042340.pdf,034,,true
Tamil Nadu,Villupuram,Melmalaiyanur,CHINNANOLAMBAI,https://cdn.s3waas.gov.in/s3e44fea3bec53bcea3b7513ccef5857ac/uploads/2018/04/2018042340.pdf,008,,true
Tamil Nadu,Villupuram,Melmalaiyanur,EDAPATTU,https://cdn.s3waas.gov.in/s3e44fea3bec53bcea3b7513ccef5857ac/uploads/2018/04/2018042340.pdf,001,,true
Tamil Nadu,Villupuram,Melmalaiyanur,EYYAL,https://cdn.s3waas.gov.in/s3e44fea3bec53bcea3b7513ccef5857ac/uploads/2018/04/2018042340.pdf,006,,true
Tamil Nadu,Villupuram,Melmalaiyanur,KADAPPANTHAL,https://cdn.s3waas.gov.in/s3e44fea3bec53bcea3b7513ccef5857ac/uploads/2018/04/2018042340.pdf,033,,true
Tamil Nadu,Villupuram,Melmalaiyanur,KAPPALAMPADI,https://cdn.s3waas.gov.in/s3e44fea3bec53bcea3b7513ccef5857ac/uploads/2018/04/2018042340.pdf,028,,true
Tamil Nadu,Villupuram,Melmalaiyanur,KODAMPADI,https://cdn.s3waas.gov.in/s3e44fea3bec53bcea3b7513ccef5857ac/uploads/2018/04/2018042340.pdf,031,,true
Tamil Nadu,Villupuram,Melmalaiyanur,KOTTAPOONDI,https://cdn.s3waas.gov.in/s3e44fea3bec53bcea3b7513ccef5857ac/uploads/2018/04/2018042340.pdf,025,,true
Tamil Nadu,Villupuram,Melmalaiyanur,KOVILPURAIYUR,https://cdn.s3waas.gov.in/s3e44fea3bec53bcea3b7513ccef5857ac/uploads/2018/04/2018042340.pdf,035,,true
Tamil Nadu,Villupuram,Melmalaiyanur,KUNTHALAMPATTU,https://cdn.s3waas.gov.in/s3e44fea3bec53bcea3b7513ccef5857ac/uploads/2018/04/2018042340.pdf,036,,true
Tamil Nadu,Villupuram,Melmalaiyanur,MELSEVALAMPADI,https://cdn.s3waas.gov.in/s3e44fea3bec53bcea3b7513ccef5857ac/uploads/2018/04/2018042340.pdf,005,,true
Tamil Nadu,Villupuram,Melmalaiyanur,MELVAILAMUR,https://cdn.s3waas.gov.in/s3e44fea3bec53bcea3b7513ccef5857ac/uploads/2018/04/2018042340.pdf,002,,true
Tamil Nadu,Villupuram,Melmalaiyanur,NANTHIPURAM,https://cdn.s3waas.gov.in/s3e44fea3bec53bcea3b7513ccef5857ac/uploads/2018/04/2018042340.pdf,004,,true
Tamil Nadu,Villupuram,Melmalaiyanur,NARANAMANGALAM,https://cdn.s3waas.gov.in/s3e44fea3bec53bcea3b7513ccef5857ac/uploads/2018/04/2018042340.pdf,027,,true
Tamil Nadu,Villupuram,Melmalaiyanur,PARAIYANPATTU,https://cdn.s3waas.gov.in/s3e44fea3bec53bcea3b7513ccef5857ac/uploads/2018/04/2018042340.pdf,030,,true
Tamil Nadu,Villupuram,Melmalaiyanur,PARAIYANTHANGAL,https://cdn.s3waas.gov.in/s3e44fea3bec53bcea3b7513ccef5857ac/uploads/2018/04/2018042340.pdf,023,,true
Tamil Nadu,Villupuram,Melmalaiyanur,PARUTHIPURAM,https://cdn.s3waas.gov.in/s3e44fea3bec53bcea3b7513ccef5857ac/uploads/2018/04/2018042340.pdf,007,,true
Tamil Nadu,Villupuram,Melmalaiyanur,PAZHAMPOONDI,https://cdn.s3waas.gov.in/s3e44fea3bec53bcea3b7513ccef5857ac/uploads/2018/04/2018042340.pdf,021,,true
Tamil Nadu,Villupuram,Melmalaiyanur,PERIANOLAMBAI,https://cdn.s3waas.gov.in/s3e44fea3bec53bcea3b7513ccef5857ac/uploads/2018/04/2018042340.pdf,009,,true
Tamil Nadu,Villupuram,Melmalaiyanur,SANKILI KUPPAM,https://cdn.s3waas.gov.in/s3e44fea3bec53bcea3b7513ccef5857ac/uploads/2018/04/2018042340.pdf,024,,true
Tamil Nadu,Villupuram,Melmalaiyanur,SINTHIPATTU,https://cdn.s3waas.gov.in/s3e44fea3bec53bcea3b7513ccef5857ac/uploads/2018/04/2018042340.pdf,038,,true
Tamil Nadu,Villupuram,Melmalaiyanur,THAZHANKUNAM,https://cdn.s3waas.gov.in/s3e44fea3bec53bcea3b7513ccef5857ac/uploads/2018/04/2018042340.pdf,029,,true
Tamil Nadu,Villupuram,Melmalaiyanur,THEPIRAMPATTU,https://cdn.s3waas.gov.in/s3e44fea3bec53bcea3b7513ccef5857ac/uploads/2018/04/2018042340.pdf,003,,true
Tamil Nadu,Villupuram,Melmalaiyanur,UNNAMANTHAL,https://cdn.s3waas.gov.in/s3e44fea3bec53bcea3b7513ccef5857ac/uploads/2018/04/2018042340.pdf,026,,true
Tamil Nadu,Villupuram,Melmalaiyanur,VADUKANPOONDI,https://cdn.s3waas.gov.in/s3e44fea3bec53bcea3b7513ccef5857ac/uploads/2018/04/2018042340.pdf,032,,true
Tamil Nadu,Villupuram,Melmalaiyanur,AARKAMPOONDI,https://cdn.s3waas.gov.in/s3e44fea3bec53bcea3b7513ccef5857ac/uploads/2018/04/2018042340.pdf,019,,true
Tamil Nadu,Villupuram,Melmalaiyanur,ANNAMANGALAM,https://cdn.s3waas.gov.in/s3e44fea3bec53bcea3b7513ccef5857ac/uploads/2018/04/2018042340.pdf,167,,true
Tamil Nadu,Villupuram,Melmalaiyanur,DEVANOOR,https://cdn.s3waas.gov.in/s3e44fea3bec53bcea3b7513ccef5857ac/uploads/2018/04/2018042340.pdf,169,,true
Tamil Nadu,Villupuram,Melmalaiyanur,DEVANTHAVADI,https://cdn.s3waas.gov.in/s3e44fea3bec53bcea3b7513ccef5857ac/uploads/2018/04/2018042340.pdf,012,,true
Tamil Nadu,Villupuram,Melmalaiyanur,GENGAPURAM,https://cdn.s3waas.gov.in/s3e44fea3bec53bcea3b7513ccef5857ac/uploads/2018/04/2018042340.pdf,180,,true
Tamil Nadu,Villupuram,Melmalaiyanur,KAIVIDANTHANGAL,https://cdn.s3waas.gov.in/s3e44fea3bec53bcea3b7513ccef5857ac/uploads/2018/04/2018042340.pdf,013,,true
Tamil Nadu,Villupuram,Melmalaiyanur,KAMMANTHANGAL,https://cdn.s3waas.gov.in/s3e44fea3bec53bcea3b7513ccef5857ac/uploads/2018/04/2018042340.pdf,011,,true
Tamil Nadu,Villupuram,Melmalaiyanur,KANNALAM,https://cdn.s3waas.gov.in/s3e44fea3bec53bcea3b7513ccef5857ac/uploads/2018/04/2018042340.pdf,044,,true
Tamil Nadu,Villupuram,Melmalaiyanur,KIZHAVAMPOONDI,https://cdn.s3waas.gov.in/s3e44fea3bec53bcea3b7513ccef5857ac/uploads/2018/04/2018042340.pdf,017,,true
Tamil Nadu,Villupuram,Melmalaiyanur,KIZHSEVALAMPADI,https://cdn.s3waas.gov.in/s3e44fea3bec53bcea3b7513ccef5857ac/uploads/2018/04/2018042340.pdf,175,,true
Tamil Nadu,Villupuram,Melmalaiyanur,KOODUVAMPOONDI,https://cdn.s3waas.gov.in/s3e44fea3bec53bcea3b7513ccef5857ac/uploads/2018/04/2018042340.pdf,018,,true
Tamil Nadu,Villupuram,Melmalaiyanur,MARAKONAM,https://cdn.s3waas.gov.in/s3e44fea3bec53bcea3b7513ccef5857ac/uploads/2018/04/2018042340.pdf,015,,true
Tamil Nadu,Villupuram,Melmalaiyanur,MEL KARANAI,https://cdn.s3waas.gov.in/s3e44fea3bec53bcea3b7513ccef5857ac/uploads/2018/04/2018042340.pdf,171,,true
Tamil Nadu,Villupuram,Melmalaiyanur,MEL NEMILI,https://cdn.s3waas.gov.in/s3e44fea3bec53bcea3b7513ccef5857ac/uploads/2018/04/2018042340.pdf,016,idapmahtaS,true
Tamil Nadu,Villupuram,Melmalaiyanur,MELMANNOOR,https://cdn.s3waas.gov.in/s3e44fea3bec53bcea3b7513ccef5857ac/uploads/2018/04/2018042340.pdf,051,idapmahtaS,true
Tamil Nadu,Villupuram,Melmalaiyanur,MODIPATTU,https://cdn.s3waas.gov.in/s3e44fea3bec53bcea3b7513ccef5857ac/uploads/2018/04/2018042340.pdf,014,idapmahtaS,true
Tamil Nadu,Villupuram,Melmalaiyanur,PAPPANTHANGAL,https://cdn.s3waas.gov.in/s3e44fea3bec53bcea3b7513ccef5857ac/uploads/2018/04/2018042340.pdf,172,idapmahtaS,true
Tamil Nadu,Villupuram,Melmalaiyanur,PERUVALOOR,https://cdn.s3waas.gov.in/s3e44fea3bec53bcea3b7513ccef5857ac/uploads/2018/04/2018042340.pdf,174,idapmahtaS,true
Tamil Nadu,Villupuram,Melmalaiyanur,PINNANUR,https://cdn.s3waas.gov.in/s3e44fea3bec53bcea3b7513ccef5857ac/uploads/2018/04/2018042340.pdf,010,idapmahtaS,true
Tamil Nadu,Villupuram,Melmalaiyanur,PORKUNAM,https://cdn.s3waas.gov.in/s3e44fea3bec53bcea3b7513ccef5857ac/uploads/2018/04/2018042340.pdf,165,idapmahtaS,true
Tamil Nadu,Villupuram,Melmalaiyanur,SAMATHANKUPPAM,https://cdn.s3waas.gov.in/s3e44fea3bec53bcea3b7513ccef5857ac/uploads/2018/04/2018042340.pdf,182,idapmahtaS,true
Tamil Nadu,Villupuram,Melmalaiyanur,SATHAMPADI,https://cdn.s3waas.gov.in/s3e44fea3bec53bcea3b7513ccef5857ac/uploads/2018/04/2018042340.pdf,022,idapmahtaS,true
Tamil Nadu,Villupuram,Melmalaiyanur,SATHANANTHAL,https://cdn.s3waas.gov.in/s3e44fea3bec53bcea3b7513ccef5857ac/uploads/2018/04/2018042340.pdf,183,idapmahtaS,true
Tamil Nadu,Villupuram,Melmalaiyanur,SINTHAGAMPOONDI,https://cdn.s3waas.gov.in/s3e44fea3bec53bcea3b7513ccef5857ac/uploads/2018/04/2018042340.pdf,020,idapmahtaS,true
Tamil Nadu,Villupuram,Melmalaiyanur,SIRUTHALAIPOONDI,https://cdn.s3waas.gov.in/s3e44fea3bec53bcea3b7513ccef5857ac/uploads/2018/04/2018042340.pdf,042,idapmahtaS,true
Tamil Nadu,Villupuram,Melmalaiyanur,SITHERI,https://cdn.s3waas.gov.in/s3e44fea3bec53bcea3b7513ccef5857ac/uploads/2018/04/2018042340.pdf,181,idapmahtaS,true
Tamil Nadu,Villupuram,Melmalaiyanur,SOKKABALAM,https://cdn.s3waas.gov.in/s3e44fea3bec53bcea3b7513ccef5857ac/uploads/2018/04/2018042340.pdf,173,idapmahtaS,true
Tamil Nadu,Villupuram,Melmalaiyanur,THURINGIPOONDI,https://cdn.s3waas.gov.in/s3e44fea3bec53bcea3b7513ccef5857ac/uploads/2018/04/2018042340.pdf,050,idapmahtaS,true
Tamil Nadu,Villupuram,Melmalaiyanur,VADAVETTI,https://cdn.s3waas.gov.in/s3e44fea3bec53bcea3b7513ccef5857ac/uploads/2018/04/2018042340.pdf,170,idapmahtaS,true
Tamil Nadu,Villupuram,Melmalaiyanur,VALLATHI,https://cdn.s3waas.gov.in/s3e44fea3bec53bcea3b7513ccef5857ac/uploads/2018/04/2018042340.pdf,043,idapmahtaS,true
Tamil Nadu,Villupuram,Melmalaiyanur,VELLAMPUTHUR,https://cdn.s3waas.gov.in/s3e44fea3bec53bcea3b7513ccef5857ac/uploads/2018/04/2018042340.pdf,080,idapmahtaS,true
Tamil Nadu,Villupuram,Melmalaiyanur,AATHIPATTU,https://cdn.s3waas.gov.in/s3e44fea3bec53bcea3b7513ccef5857ac/uploads/2018/04/2018042340.pdf,061,idapmahtaS,true
Tamil Nadu,Villupuram,Melmalaiyanur,EMBALAM,https://cdn.s3waas.gov.in/s3e44fea3bec53bcea3b7513ccef5857ac/uploads/2018/04/2018042340.pdf,049,idapmahtaS,true
Tamil Nadu,Villupuram,Melmalaiyanur,EYYAKUNAM,https://cdn.s3waas.gov.in/s3e44fea3bec53bcea3b7513ccef5857ac/uploads/2018/04/2018042340.pdf,048,idapmahtaS,true
Tamil Nadu,Villupuram,Melmalaiyanur,KADALI,https://cdn.s3waas.gov.in/s3e44fea3bec53bcea3b7513ccef5857ac/uploads/2018/04/2018042340.pdf,166,idapmahtaS,true
Tamil Nadu,Villupuram,Melmalaiyanur,KALATHAMPATTU,https://cdn.s3waas.gov.in/s3e44fea3bec53bcea3b7513ccef5857ac/uploads/2018/04/2018042340.pdf,060,idapmahtaS,true
Tamil Nadu,Villupuram,Melmalaiyanur,KODUKANKUPPAM,https://cdn.s3waas.gov.in/s3e44fea3bec53bcea3b7513ccef5857ac/uploads/2018/04/2018042340.pdf,041,idapmahtaS,true
Tamil Nadu,Villupuram,Melmalaiyanur,KOZHAPALUR,https://cdn.s3waas.gov.in/s3e44fea3bec53bcea3b7513ccef5857ac/uploads/2018/04/2018042340.pdf,062,idapmahtaS,true
Tamil Nadu,Villupuram,Melmalaiyanur,MANANTHAL,https://cdn.s3waas.gov.in/s3e44fea3bec53bcea3b7513ccef5857ac/uploads/2018/04/2018042340.pdf,056,idapmahtaS,true
Tamil Nadu,Villupuram,Melmalaiyanur,MAVANANTHAL,https://cdn.s3waas.gov.in/s3e44fea3bec53bcea3b7513ccef5857ac/uploads/2018/04/2018042340.pdf,185,idapmahtaS,true
Tamil Nadu,Villupuram,Melmalaiyanur,MEL ARUNKUNAM,https://cdn.s3waas.gov.in/s3e44fea3bec53bcea3b7513ccef5857ac/uploads/2018/04/2018042340.pdf,057,idapmahtaS,true
Tamil Nadu,Villupuram,Melmalaiyanur,MELACHERI,https://cdn.s3waas.gov.in/s3e44fea3bec53bcea3b7513ccef5857ac/uploads/2018/04/2018042340.pdf,164,idapmahtaS,true
Tamil Nadu,Villupuram,Melmalaiyanur,MELMALAIYANOOR,https://cdn.s3waas.gov.in/s3e44fea3bec53bcea3b7513ccef5857ac/uploads/2018/04/2018042340.pdf,040,idapmahtaS,true
Tamil Nadu,Villupuram,Melmalaiyanur,MELMAMPATTU,https://cdn.s3waas.gov.in/s3e44fea3bec53bcea3b7513ccef5857ac/uploads/2018/04/2018042340.pdf,046,idapmahtaS,true
Tamil Nadu,Villupuram,Melmalaiyanur,MELPUDUPATTU,https://cdn.s3waas.gov.in/s3e44fea3bec53bcea3b7513ccef5857ac/uploads/2018/04/2018042340.pdf,054,idapmahtaS,true
Tamil Nadu,Villupuram,Melmalaiyanur,NOCHALUR,https://cdn.s3waas.gov.in/s3e44fea3bec53bcea3b7513ccef5857ac/uploads/2018/04/2018042340.pdf,037,idapmahtaS,true
Tamil Nadu,Villupuram,Melmalaiyanur,SATHAPUTHUR,https://cdn.s3waas.gov.in/s3e44fea3bec53bcea3b7513ccef5857ac/uploads/2018/04/2018042340.pdf,045,idapmahtaS,true
Tamil Nadu,Villupuram,Melmalaiyanur,SEEAYAPOONDI,https://cdn.s3waas.gov.in/s3e44fea3bec53bcea3b7513ccef5857ac/uploads/2018/04/2018042340.pdf,055,idapmahtaS,true
Tamil Nadu,Villupuram,Melmalaiyanur,SEVELAPURAI (NORTH),https://cdn.s3waas.gov.in/s3e44fea3bec53bcea3b7513ccef5857ac/uploads/2018/04/2018042340.pdf,052,idapmahtaS,true
Tamil Nadu,Villupuram,Melmalaiyanur,SEVELAPURAI (SOUTH),https://cdn.s3waas.gov.in/s3e44fea3bec53bcea3b7513ccef5857ac/uploads/2018/04/2018042340.pdf,993,idapmahtaS,true
Tamil Nadu,Villupuram,Melmalaiyanur,SOKKANANTHAL,https://cdn.s3waas.gov.in/s3e44fea3bec53bcea3b7513ccef5857ac/uploads/2018/04/2018042340.pdf,059,idapmahtaS,true
Tamil Nadu,Villupuram,Melmalaiyanur,THAYANUR,https://cdn.s3waas.gov.in/s3e44fea3bec53bcea3b7513ccef5857ac/uploads/2018/04/2018042340.pdf,039,idapmahtaS,true
Tamil Nadu,Villupuram,Melmalaiyanur,THENPALAI,https://cdn.s3waas.gov.in/s3e44fea3bec53bcea3b7513ccef5857ac/uploads/2018/04/2018042340.pdf,058,idapmahtaS,true
Tamil Nadu,Villupuram,Melmalaiyanur,THORAPADI,https://cdn.s3waas.gov.in/s3e44fea3bec53bcea3b7513ccef5857ac/uploads/2018/04/2018042340.pdf,047,idapmahtaS,true
Tamil Nadu,Villupuram,Melmalaiyanur,VADAPALAI,https://cdn.s3waas.gov.in/s3e44fea3bec53bcea3b7513ccef5857ac/uploads/2018/04/2018042340.pdf,053,idapmahtaS,true
Tamil Nadu,Villupuram,Melmalaiyanur,VANAKKAMPADI,https://cdn.s3waas.gov.in/s3e44fea3bec53bcea3b7513ccef5857ac/uploads/2018/04/2018042340.pdf,187,idapmahtaS,true
Tamil Nadu,Cuddalore,Cuddalore,Melakuppam,https://cdn.s3waas.gov.in/s3a96b65a721e561e1e3de768ac819ffbb/uploads/2018/07/2018070775.pdf,001,,true
Tamil Nadu,Cuddalore,Cuddalore,Nallathur,https://cdn.s3waas.gov.in/s3a96b65a721e561e1e3de768ac819ffbb/uploads/2018/07/2018070775.pdf,002,,true
Tamil Nadu,Cuddalore,Cuddalore,Thookkanampakkam,https://cdn.s3waas.gov.in/s3a96b65a721e561e1e3de768ac819ffbb/uploads/2018/07/2018070775.pdf,003,,true
Tamil Nadu,Cuddalore,Cuddalore,Thennam Pakkam,https://cdn.s3waas.gov.in/s3a96b65a721e561e1e3de768ac819ffbb/uploads/2018/07/2018070775.pdf,004,,true
Tamil Nadu,Cuddalore,Cuddalore,Sellancheri,https://cdn.s3waas.gov.in/s3a96b65a721e561e1e3de768ac819ffbb/uploads/2018/07/2018070775.pdf,005,,true
Tamil Nadu,Cuddalore,Cuddalore,Keezhkumaramangalam,https://cdn.s3waas.gov.in/s3a96b65a721e561e1e3de768ac819ffbb/uploads/2018/07/2018070775.pdf,006,,true
Tamil Nadu,Cuddalore,Cuddalore,Odalapattu,https://cdn.s3waas.gov.in/s3a96b65a721e561e1e3de768ac819ffbb/uploads/2018/07/2018070775.pdf,007,,true
Tamil Nadu,Cuddalore,Cuddalore,Pudhukkadai,https://cdn.s3waas.gov.in/s3a96b65a721e561e1e3de768ac819ffbb/uploads/2018/07/2018070775.pdf,008,,true
Tamil Nadu,Cuddalore,Cuddalore,Vadapuram Keezpathi,https://cdn.s3waas.gov.in/s3a96b65a721e561e1e3de768ac819ffbb/uploads/2018/07/2018070775.pdf,009,,true
Tamil Nadu,Cuddalore,Cuddalore,Kilingikuppam,https://cdn.s3waas.gov.in/s3a96b65a721e561e1e3de768ac819ffbb/uploads/2018/07/2018070775.pdf,010,,true
Tamil Nadu,Cuddalore,Cuddalore,Singirikudi,https://cdn.s3waas.gov.in/s3a96b65a721e561e1e3de768ac819ffbb/uploads/2018/07/2018070775.pdf,011,,true
Tamil Nadu,Cuddalore,Cuddalore,Mathalapattu,https://cdn.s3waas.gov.in/s3a96b65a721e561e1e3de768ac819ffbb/uploads/2018/07/2018070775.pdf,012,,true
Tamil Nadu,Cuddalore,Cuddalore,Keezhazhinjipattu,https://cdn.s3waas.gov.in/s3a96b65a721e561e1e3de768ac819ffbb/uploads/2018/07/2018070775.pdf,013,,true
Tamil Nadu,Cuddalore,Cuddalore,Melazhinchipattu,https://cdn.s3waas.gov.in/s3a96b65a721e561e1e3de768ac819ffbb/uploads/2018/07/2018070775.pdf,014,,true
Tamil Nadu,Cuddalore,Cuddalore,Nakappanur,https://cdn.s3waas.gov.in/s3a96b65a721e561e1e3de768ac819ffbb/uploads/2018/07/2018070775.pdf,015,,true
Tamil Nadu,Cuddalore,Cuddalore,Karanapatu,https://cdn.s3waas.gov.in/s3a96b65a721e561e1e3de768ac819ffbb/uploads/2018/07/2018070775.pdf,016,,true
Tamil Nadu,Cuddalore,Cuddalore,Pallipattu,https://cdn.s3waas.gov.in/s3a96b65a721e561e1e3de768ac819ffbb/uploads/2018/07/2018070775.pdf,017,,true
Tamil Nadu,Cuddalore,Cuddalore,Malaiperumalagaram,https://cdn.s3waas.gov.in/s3a96b65a721e561e1e3de768ac819ffbb/uploads/2018/07/2018070775.pdf,018,,true
Tamil Nadu,Cuddalore,Cuddalore,Ullaripattu,https://cdn.s3waas.gov.in/s3a96b65a721e561e1e3de768ac819ffbb/uploads/2018/07/2018070775.pdf,019,,true
Tamil Nadu,Cuddalore,Cuddalore,Karaimedu,https://cdn.s3waas.gov.in/s3a96b65a721e561e1e3de768ac819ffbb/uploads/2018/07/2018070775.pdf,020,,true
Tamil Nadu,Cuddalore,Cuddalore,Thirupanambakkam,https://cdn.s3waas.gov.in/s3a96b65a721e561e1e3de768ac819ffbb/uploads/2018/07/2018070775.pdf,021,,true
Tamil Nadu,Cuddalore,Cuddalore,Kalaiyur,https://cdn.s3waas.gov.in/s3a96b65a721e561e1e3de768ac819ffbb/uploads/2018/07/2018070775.pdf,022,,true
Tamil Nadu,Cuddalore,Cuddalore,Erandayaramvilagam,https://cdn.s3waas.gov.in/s3a96b65a721e561e1e3de768ac819ffbb/uploads/2018/07/2018070775.pdf,023,,true
Tamil Nadu,Cuddalore,Cuddalore,Azhakianatham,https://cdn.s3waas.gov.in/s3a96b65a721e561e1e3de768ac819ffbb/uploads/2018/07/2018070775.pdf,024,,true
Tamil Nadu,Cuddalore,Cuddalore,Vellappakkam,https://cdn.s3waas.gov.in/s3a96b65a721e561e1e3de768ac819ffbb/uploads/2018/07/2018070775.pdf,025,,true
Tamil Nadu,Cuddalore,Cuddalore,Marudhadu,https://cdn.s3waas.gov.in/s3a96b65a721e561e1e3de768ac819ffbb/uploads/2018/07/2018070775.pdf,026,,true
Tamil Nadu,Cuddalore,Cuddalore,Nathapattu,https://cdn.s3waas.gov.in/s3a96b65a721e561e1e3de768ac819ffbb/uploads/2018/07/2018070775.pdf,027,,true
Tamil Nadu,Cuddalore,Cuddalore,Velisemmandalam,https://cdn.s3waas.gov.in/s3a96b65a721e561e1e3de768ac819ffbb/uploads/2018/07/2018070775.pdf,028,,true
Tamil Nadu,Cuddalore,Cuddalore,Vilvarayanatham (town),https://cdn.s3waas.gov.in/s3a96b65a721e561e1e3de768ac819ffbb/uploads/2018/07/2018070775.pdf,029,,true
Tamil Nadu,Cuddalore,Cuddalore,Udharamanikkam (town),https://cdn.s3waas.gov.in/s3a96b65a721e561e1e3de768ac819ffbb/uploads/2018/07/2018070775.pdf,030,,true
Tamil Nadu,Cuddalore,Cuddalore,Periyakanganakuppam,https://cdn.s3waas.gov.in/s3a96b65a721e561e1e3de768ac819ffbb/uploads/2018/07/2018070775.pdf,031,,true
Tamil Nadu,Cuddalore,Cuddalore,Chinnakanganagkuppam,https://cdn.s3waas.gov.in/s3a96b65a721e561e1e3de768ac819ffbb/uploads/2018/07/2018070775.pdf,032,,true
Tamil Nadu,Cuddalore,Cuddalore,Uchimedu,https://cdn.s3waas.gov.in/s3a96b65a721e561e1e3de768ac819ffbb/uploads/2018/07/2018070775.pdf,033,,true
Tamil Nadu,Cuddalore,Cuddalore,Subauppalavadi,https://cdn.s3waas.gov.in/s3a96b65a721e561e1e3de768ac819ffbb/uploads/2018/07/2018070775.pdf,034,,true
Tamil Nadu,Cuddalore,Cuddalore,Gundu Uppalavadi,https://cdn.s3waas.gov.in/s3a96b65a721e561e1e3de768ac819ffbb/uploads/2018/07/2018070775.pdf,035,,true
Tamil Nadu,Cuddalore,Cuddalore,Manjakuppam (town),https://cdn.s3waas.gov.in/s3a96b65a721e561e1e3de768ac819ffbb/uploads/2018/07/2018070775.pdf,036,,true
Tamil Nadu,Cuddalore,Cuddalore,Devanampattinam (town),https://cdn.s3waas.gov.in/s3a96b65a721e561e1e3de768ac819ffbb/uploads/2018/07/2018070775.pdf,037,,true
Tamil Nadu,Cuddalore,Cuddalore,Vanniyar Palayam (town),https://cdn.s3waas.gov.in/s3a96b65a721e561e1e3de768ac819ffbb/uploads/2018/07/2018070775.pdf,038,,true
Tamil Nadu,Cuddalore,Cuddalore,Chellankuppam (town),https://cdn.s3waas.gov.in/s3a96b65a721e561e1e3de768ac819ffbb/uploads/2018/07/2018070775.pdf,039,,true
Tamil Nadu,Cuddalore,Cuddalore,Thiruppapuliyur (town),https://cdn.s3waas.gov.in/s3a96b65a721e561e1e3de768ac819ffbb/uploads/2018/07/2018070775.pdf,040,,true
Tamil Nadu,Cuddalore,Cuddalore,Koothapakkam,https://cdn.s3waas.gov.in/s3a96b65a721e561e1e3de768ac819ffbb/uploads/2018/07/2018070775.pdf,041,,true
Tamil Nadu,Cuddalore,Cuddalore,Kondur,https://cdn.s3waas.gov.in/s3a96b65a721e561e1e3de768ac819ffbb/uploads/2018/07/2018070775.pdf,042,,true
Tamil Nadu,Cuddalore,Cuddalore,Thottappattu,https://cdn.s3waas.gov.in/s3a96b65a721e561e1e3de768ac819ffbb/uploads/2018/07/2018070775.pdf,043,,true
Tamil Nadu,Cuddalore,Cuddalore,Senjikumarapuram,https://cdn.s3waas.gov.in/s3a96b65a721e561e1e3de768ac819ffbb/uploads/2018/07/2018070775.pdf,044,,true
Tamil Nadu,Cuddalore,Cuddalore,Varakalpattu,https://cdn.s3waas.gov.in/s3a96b65a721e561e1e3de768ac819ffbb/uploads/2018/07/2018070775.pdf,045,,true
Tamil Nadu,Cuddalore,Cuddalore,Karamanikuppam,https://cdn.s3waas.gov.in/s3a96b65a721e561e1e3de768ac819ffbb/uploads/2018/07/2018070775.pdf,046,,true
Tamil Nadu,Cuddalore,Cuddalore,Kunamangalam,https://cdn.s3waas.gov.in/s3a96b65a721e561e1e3de768ac819ffbb/uploads/2018/07/2018070775.pdf,047,,true
Tamil Nadu,Cuddalore,Cuddalore,Pillali,https://cdn.s3waas.gov.in/s3a96b65a721e561e1e3de768ac819ffbb/uploads/2018/07/2018070775.pdf,048,,true
Tamil Nadu,Cuddalore,Cuddalore,Ottari,https://cdn.s3waas.gov.in/s3a96b65a721e561e1e3de768ac819ffbb/uploads/2018/07/2018070775.pdf,049,,true
Tamil Nadu,Cuddalore,Cuddalore,Thirumanikuzhi,https://cdn.s3waas.gov.in/s3a96b65a721e561e1e3de768ac819ffbb/uploads/2018/07/2018070775.pdf,050,,true
Tamil Nadu,Cuddalore,Cuddalore,Vanamadevi North,https://cdn.s3waas.gov.in/s3a96b65a721e561e1e3de768ac819ffbb/uploads/2018/07/2018070775.pdf,051,,true
Tamil Nadu,Cuddalore,Cuddalore,Vilangalpattu,https://cdn.s3waas.gov.in/s3a96b65a721e561e1e3de768ac819ffbb/uploads/2018/07/2018070775.pdf,052,,true
Tamil Nadu,Cuddalore,Cuddalore,Naduveerapattu,https://cdn.s3waas.gov.in/s3a96b65a721e561e1e3de768ac819ffbb/uploads/2018/07/2018070775.pdf,053,,true
Tamil Nadu,Cuddalore,Cuddalore,C.N.Palayam,https://cdn.s3waas.gov.in/s3a96b65a721e561e1e3de768ac819ffbb/uploads/2018/07/2018070775.pdf,054,,true
Tamil Nadu,Cuddalore,Cuddalore,Vellakarai,https://cdn.s3waas.gov.in/s3a96b65a721e561e1e3de768ac819ffbb/uploads/2018/07/2018070775.pdf,055,,true
Tamil Nadu,Cuddalore,Cuddalore,Ramapuram,https://cdn.s3waas.gov.in/s3a96b65a721e561e1e3de768ac819ffbb/uploads/2018/07/2018070775.pdf,056,,true
Tamil Nadu,Cuddalore,Cuddalore,Maavadipalayam,https://cdn.s3waas.gov.in/s3a96b65a721e561e1e3de768ac819ffbb/uploads/2018/07/2018070775.pdf,057,,true
Tamil Nadu,Cuddalore,Cuddalore,Thiruvandhipuram,https://cdn.s3waas.gov.in/s3a96b65a721e561e1e3de768ac819ffbb/uploads/2018/07/2018070775.pdf,058,,true
Tamil Nadu,Cuddalore,Cuddalore,Kumarapettai,https://cdn.s3waas.gov.in/s3a96b65a721e561e1e3de768ac819ffbb/uploads/2018/07/2018070775.pdf,059,,true
Tamil Nadu,Cuddalore,Cuddalore,Pathirikuppam,https://cdn.s3waas.gov.in/s3a96b65a721e561e1e3de768ac819ffbb/uploads/2018/07/2018070775.pdf,060,,true
Tamil Nadu,Cuddalore,Cuddalore,Karupadithundu,https://cdn.s3waas.gov.in/s3a96b65a721e561e1e3de768ac819ffbb/uploads/2018/07/2018070775.pdf,061,,true
Tamil Nadu,Cuddalore,Cuddalore,Karaiyaravitakuppam( NM),https://cdn.s3waas.gov.in/s3a96b65a721e561e1e3de768ac819ffbb/uploads/2018/07/2018070775.pdf,062,,true
Tamil Nadu,Cuddalore,Cuddalore,Arisiperiyankuppam,https://cdn.s3waas.gov.in/s3a96b65a721e561e1e3de768ac819ffbb/uploads/2018/07/2018070775.pdf,063,,true
Tamil Nadu,Cuddalore,Cuddalore,Vettukulam,https://cdn.s3waas.gov.in/s3a96b65a721e561e1e3de768ac819ffbb/uploads/2018/07/2018070775.pdf,064,,true
Tamil Nadu,Cuddalore,Cuddalore,Cuddalore O.T (NM),https://cdn.s3waas.gov.in/s3a96b65a721e561e1e3de768ac819ffbb/uploads/2018/07/2018070775.pdf,065,,true
Tamil Nadu,Cuddalore,Cuddalore,Pooniyangkuppam,https://cdn.s3waas.gov.in/s3a96b65a721e561e1e3de768ac819ffbb/uploads/2018/07/2018070775.pdf,066,,true
Tamil Nadu,Cuddalore,Cuddalore,Pachayakuppam (NM),https://cdn.s3waas.gov.in/s3a96b65a721e561e1e3de768ac819ffbb/uploads/2018/07/2018070775.pdf,067,,true
Tamil Nadu,Cuddalore,Cuddalore,Kudikadu,https://cdn.s3waas.gov.in/s3a96b65a721e561e1e3de768ac819ffbb/uploads/2018/07/2018070775.pdf,068,,true
Tamil Nadu,Cuddalore,Cuddalore,Karaikadu,https://cdn.s3waas.gov.in/s3a96b65a721e561e1e3de768ac819ffbb/uploads/2018/07/2018070775.pdf,069,,true
Tamil Nadu,Cuddalore,Cuddalore,Sedapalayam,https://cdn.s3waas.gov.in/s3a96b65a721e561e1e3de768ac819ffbb/uploads/2018/07/2018070775.pdf,070,,true
Tamil Nadu,Cuddalore,Cuddalore,Annavalli,https://cdn.s3waas.gov.in/s3a96b65a721e561e1e3de768ac819ffbb/uploads/2018/07/2018070775.pdf,071,,true
Tamil Nadu,Cuddalore,Cuddalore,Gangamanayakankuppam,https://cdn.s3waas.gov.in/s3a96b65a721e561e1e3de768ac819ffbb/uploads/2018/07/2018070775.pdf,072,,true
Tamil Nadu,Cuddalore,Cuddalore,Thondamanatham,https://cdn.s3waas.gov.in/s3a96b65a721e561e1e3de768ac819ffbb/uploads/2018/07/2018070775.pdf,073,,true
Tamil Nadu,Cuddalore,Cuddalore,Sembankuppam,https://cdn.s3waas.gov.in/s3a96b65a721e561e1e3de768ac819ffbb/uploads/2018/07/2018070775.pdf,074,,true
Tamil Nadu,Cuddalore,Cuddalore,Thiyagavalli,https://cdn.s3waas.gov.in/s3a96b65a721e561e1e3de768ac819ffbb/uploads/2018/07/2018070775.pdf,075,,true
Tamil Nadu,Cuddalore,Cuddalore,Thiruchopuram,https://cdn.s3waas.gov.in/s3a96b65a721e561e1e3de768ac819ffbb/uploads/2018/07/2018070775.pdf,076,,true
Tamil Nadu,Cuddalore,Cuddalore,Gothandaramaapuram,https://cdn.s3waas.gov.in/s3a96b65a721e561e1e3de768ac819ffbb/uploads/2018/07/2018070775.pdf,077,,true
Tamil Nadu,Cuddalore,Cuddalore,Kampalimedu,https://cdn.s3waas.gov.in/s3a96b65a721e561e1e3de768ac819ffbb/uploads/2018/07/2018070775.pdf,078,,true
Tamil Nadu,Cuddalore,Cuddalore,Alappakkam,https://cdn.s3waas.gov.in/s3a96b65a721e561e1e3de768ac819ffbb/uploads/2018/07/2018070775.pdf,079,,true
Tamil Nadu,Cuddalore,Cuddalore,Kayalpattu,https://cdn.s3waas.gov.in/s3a96b65a721e561e1e3de768ac819ffbb/uploads/2018/07/2018070775.pdf,080,,true
Tamil Nadu,Cuddalore,Cuddalore,Andarmullippallam,https://cdn.s3waas.gov.in/s3a96b65a721e561e1e3de768ac819ffbb/uploads/2018/07/2018070775.pdf,081,,true
Tamil Nadu,Cuddalore,Cuddalore,Vanamadevi ( South ),https://cdn.s3waas.gov.in/s3a96b65a721e561e1e3de768ac819ffbb/uploads/2018/07/2018070775.pdf,082,,true
Tamil Nadu,Cuddalore,Panruti,Paithambadi,https://cdn.s3waas.gov.in/s3a96b65a721e561e1e3de768ac819ffbb/uploads/2018/07/2018070766.pdf,,,true
Tamil Nadu,Cuddalore,Panruti,Kavanur,https://cdn.s3waas.gov.in/s3a96b65a721e561e1e3de768ac819ffbb/uploads/2018/07/2018070766.pdf,002,,true
Tamil Nadu,Cuddalore,Panruti,Ulundampattu,https://cdn.s3waas.gov.in/s3a96b65a721e561e1e3de768ac819ffbb/uploads/2018/07/2018070766.pdf,003,,true
Tamil Nadu,Cuddalore,Panruti,Aviyanur,https://cdn.s3waas.gov.in/s3a96b65a721e561e1e3de768ac819ffbb/uploads/2018/07/2018070766.pdf,004,,true
Tamil Nadu,Cuddalore,Panruti,Alagaperummal Kuppam,https://cdn.s3waas.gov.in/s3a96b65a721e561e1e3de768ac819ffbb/uploads/2018/07/2018070766.pdf,005,,true
Tamil Nadu,Cuddalore,Panruti,karumbur,https://cdn.s3waas.gov.in/s3a96b65a721e561e1e3de768ac819ffbb/uploads/2018/07/2018070766.pdf,006,,true
Tamil Nadu,Cuddalore,Panruti,Enathirimangalam,https://cdn.s3waas.gov.in/s3a96b65a721e561e1e3de768ac819ffbb/uploads/2018/07/2018070766.pdf,007,,true
Tamil Nadu,Cuddalore,Panruti,Korathi,https://cdn.s3waas.gov.in/s3a96b65a721e561e1e3de768ac819ffbb/uploads/2018/07/2018070766.pdf,008,,true
Tamil Nadu,Cuddalore,Panruti,Akkadavalli,https://cdn.s3waas.gov.in/s3a96b65a721e561e1e3de768ac819ffbb/uploads/2018/07/2018070766.pdf,009,,true
Tamil Nadu,Cuddalore,Panruti,Kayapakkam,https://cdn.s3waas.gov.in/s3a96b65a721e561e1e3de768ac819ffbb/uploads/2018/07/2018070766.pdf,010,,true
Tamil Nadu,Cuddalore,Panruti,Thiruthuraiyur,https://cdn.s3waas.gov.in/s3a96b65a721e561e1e3de768ac819ffbb/uploads/2018/07/2018070766.pdf,011,,true
Tamil Nadu,Cuddalore,Panruti,Varingippakkam,https://cdn.s3waas.gov.in/s3a96b65a721e561e1e3de768ac819ffbb/uploads/2018/07/2018070766.pdf,012,,true
Tamil Nadu,Cuddalore,Panruti,Poondi,https://cdn.s3waas.gov.in/s3a96b65a721e561e1e3de768ac819ffbb/uploads/2018/07/2018070766.pdf,013,,true
Tamil Nadu,Cuddalore,Panruti,Kandarakottai,https://cdn.s3waas.gov.in/s3a96b65a721e561e1e3de768ac819ffbb/uploads/2018/07/2018070766.pdf,014,,true
Tamil Nadu,Cuddalore,Panruti,Pulavanur,https://cdn.s3waas.gov.in/s3a96b65a721e561e1e3de768ac819ffbb/uploads/2018/07/2018070766.pdf,015,,true
Tamil Nadu,Cuddalore,Panruti,Panapakkam,https://cdn.s3waas.gov.in/s3a96b65a721e561e1e3de768ac819ffbb/uploads/2018/07/2018070766.pdf,016,,true
Tamil Nadu,Cuddalore,Panruti,Oraiyur,https://cdn.s3waas.gov.in/s3a96b65a721e561e1e3de768ac819ffbb/uploads/2018/07/2018070766.pdf,017,,true
Tamil Nadu,Cuddalore,Panruti,Manamthauizhnthaputhur,https://cdn.s3waas.gov.in/s3a96b65a721e561e1e3de768ac819ffbb/uploads/2018/07/2018070766.pdf,018,,true
Tamil Nadu,Cuddalore,Panruti,Natham,https://cdn.s3waas.gov.in/s3a96b65a721e561e1e3de768ac819ffbb/uploads/2018/07/2018070766.pdf,019,,true
Tamil Nadu,Cuddalore,Panruti,Sirugramam,https://cdn.s3waas.gov.in/s3a96b65a721e561e1e3de768ac819ffbb/uploads/2018/07/2018070766.pdf,020,,true
Tamil Nadu,Cuddalore,Panruti,Veerapperumanallur,https://cdn.s3waas.gov.in/s3a96b65a721e561e1e3de768ac819ffbb/uploads/2018/07/2018070766.pdf,021,,true
Tamil Nadu,Cuddalore,Panruti,Thiruvamur,https://cdn.s3waas.gov.in/s3a96b65a721e561e1e3de768ac819ffbb/uploads/2018/07/2018070766.pdf,022,,true
Tamil Nadu,Cuddalore,Panruti,Kolapakkam,https://cdn.s3waas.gov.in/s3a96b65a721e561e1e3de768ac819ffbb/uploads/2018/07/2018070766.pdf,023,,true
Tamil Nadu,Cuddalore,Panruti,Semakottai,https://cdn.s3waas.gov.in/s3a96b65a721e561e1e3de768ac819ffbb/uploads/2018/07/2018070766.pdf,024,,true
Tamil Nadu,Cuddalore,Panruti,Rayarpalayam,https://cdn.s3waas.gov.in/s3a96b65a721e561e1e3de768ac819ffbb/uploads/2018/07/2018070766.pdf,025,,true
Tamil Nadu,Cuddalore,Panruti,Melarungunam,https://cdn.s3waas.gov.in/s3a96b65a721e561e1e3de768ac819ffbb/uploads/2018/07/2018070766.pdf,026,,true
Tamil Nadu,Cuddalore,Panruti,Manapakkam,https://cdn.s3waas.gov.in/s3a96b65a721e561e1e3de768ac819ffbb/uploads/2018/07/2018070766.pdf,027,,true
Tamil Nadu,Cuddalore,Panruti,Pandrakottai,https://cdn.s3waas.gov.in/s3a96b65a721e561e1e3de768ac819ffbb/uploads/2018/07/2018070766.pdf,028,,true
Tamil Nadu,Cuddalore,Panruti,Thorapadi,https://cdn.s3waas.gov.in/s3a96b65a721e561e1e3de768ac819ffbb/uploads/2018/07/2018070766.pdf,029,,true
Tamil Nadu,Cuddalore,Panruti,Kotlambakkam,https://cdn.s3waas.gov.in/s3a96b65a721e561e1e3de768ac819ffbb/uploads/2018/07/2018070766.pdf,030,,true
Tamil Nadu,Cuddalore,Panruti,Anguchettypalayam,https://cdn.s3waas.gov.in/s3a96b65a721e561e1e3de768ac819ffbb/uploads/2018/07/2018070766.pdf,031,,true
Tamil Nadu,Cuddalore,Panruti,Siruvathur,https://cdn.s3waas.gov.in/s3a96b65a721e561e1e3de768ac819ffbb/uploads/2018/07/2018070766.pdf,032,,true
Tamil Nadu,Cuddalore,Panruti,Elanthampattu,https://cdn.s3waas.gov.in/s3a96b65a721e561e1e3de768ac819ffbb/uploads/2018/07/2018070766.pdf,033,,true
Tamil Nadu,Cuddalore,Panruti,Semmedu,https://cdn.s3waas.gov.in/s3a96b65a721e561e1e3de768ac819ffbb/uploads/2018/07/2018070766.pdf,034,,true
Tamil Nadu,Cuddalore,Panruti,Karukkai,https://cdn.s3waas.gov.in/s3a96b65a721e561e1e3de768ac819ffbb/uploads/2018/07/2018070766.pdf,035,,true
Tamil Nadu,Cuddalore,Panruti,Visur,https://cdn.s3waas.gov.in/s3a96b65a721e561e1e3de768ac819ffbb/uploads/2018/07/2018070766.pdf,036,,true
Tamil Nadu,Cuddalore,Panruti,Veerasingankuppam,https://cdn.s3waas.gov.in/s3a96b65a721e561e1e3de768ac819ffbb/uploads/2018/07/2018070766.pdf,037,,true
Tamil Nadu,Cuddalore,Panruti,Kattu Kudalore,https://cdn.s3waas.gov.in/s3a96b65a721e561e1e3de768ac819ffbb/uploads/2018/07/2018070766.pdf,038,,true
Tamil Nadu,Cuddalore,Panruti,Perperiyan kuppam,https://cdn.s3waas.gov.in/s3a96b65a721e561e1e3de768ac819ffbb/uploads/2018/07/2018070766.pdf,039,,true
Tamil Nadu,Cuddalore,Panruti,Melkangeyankuppam,https://cdn.s3waas.gov.in/s3a96b65a721e561e1e3de768ac819ffbb/uploads/2018/07/2018070766.pdf,040,,true
Tamil Nadu,Cuddalore,Panruti,Keezhkangeyankuppam,https://cdn.s3waas.gov.in/s3a96b65a721e561e1e3de768ac819ffbb/uploads/2018/07/2018070766.pdf,041,,true
Tamil Nadu,Cuddalore,Panruti,Meliruppu,https://cdn.s3waas.gov.in/s3a96b65a721e561e1e3de768ac819ffbb/uploads/2018/07/2018070766.pdf,042,,true
Tamil Nadu,Cuddalore,Panruti,Vallam,https://cdn.s3waas.gov.in/s3a96b65a721e561e1e3de768ac819ffbb/uploads/2018/07/2018070766.pdf,043,,true
Tamil Nadu,Cuddalore,Panruti,Nadukuppam,https://cdn.s3waas.gov.in/s3a96b65a721e561e1e3de768ac819ffbb/uploads/2018/07/2018070766.pdf,044,,true
Tamil Nadu,Cuddalore,Panruti,Sorathur,https://cdn.s3waas.gov.in/s3a96b65a721e561e1e3de768ac819ffbb/uploads/2018/07/2018070766.pdf,045,,true
Tamil Nadu,Cuddalore,Panruti,Marungur,https://cdn.s3waas.gov.in/s3a96b65a721e561e1e3de768ac819ffbb/uploads/2018/07/2018070766.pdf,046,,true
Tamil Nadu,Cuddalore,Panruti,Vegakollai,https://cdn.s3waas.gov.in/s3a96b65a721e561e1e3de768ac819ffbb/uploads/2018/07/2018070766.pdf,047,,true
Tamil Nadu,Cuddalore,Panruti,Kadampuliyur,https://cdn.s3waas.gov.in/s3a96b65a721e561e1e3de768ac819ffbb/uploads/2018/07/2018070766.pdf,048,,true
Tamil Nadu,Cuddalore,Panruti,Kezhiruppu,https://cdn.s3waas.gov.in/s3a96b65a721e561e1e3de768ac819ffbb/uploads/2018/07/2018070766.pdf,049,,true
Tamil Nadu,Cuddalore,Panruti,Thazhampattu,https://cdn.s3waas.gov.in/s3a96b65a721e561e1e3de768ac819ffbb/uploads/2018/07/2018070766.pdf,050,,true
Tamil Nadu,Cuddalore,Panruti,Maligampattu,https://cdn.s3waas.gov.in/s3a96b65a721e561e1e3de768ac819ffbb/uploads/2018/07/2018070766.pdf,051,,true
Tamil Nadu,Cuddalore,Panruti,panikkankuppam,https://cdn.s3waas.gov.in/s3a96b65a721e561e1e3de768ac819ffbb/uploads/2018/07/2018070766.pdf,052,,true
Tamil Nadu,Cuddalore,Panruti,Vadakailaasam ( town ),https://cdn.s3waas.gov.in/s3a96b65a721e561e1e3de768ac819ffbb/uploads/2018/07/2018070766.pdf,053,,true
Tamil Nadu,Cuddalore,Panruti,Panruti (town),https://cdn.s3waas.gov.in/s3a96b65a721e561e1e3de768ac819ffbb/uploads/2018/07/2018070766.pdf,054,,true
Tamil Nadu,Cuddalore,Panruti,Vizhamangalam (town),https://cdn.s3waas.gov.in/s3a96b65a721e561e1e3de768ac819ffbb/uploads/2018/07/2018070766.pdf,055,,true
Tamil Nadu,Cuddalore,Panruti,Andikkuppam(town),https://cdn.s3waas.gov.in/s3a96b65a721e561e1e3de768ac819ffbb/uploads/2018/07/2018070766.pdf,056,,true
Tamil Nadu,Cuddalore,Panruti,kanisappakkam,https://cdn.s3waas.gov.in/s3a96b65a721e561e1e3de768ac819ffbb/uploads/2018/07/2018070766.pdf,057,,true
Tamil Nadu,Cuddalore,Panruti,Lakshminarayanapuram,https://cdn.s3waas.gov.in/s3a96b65a721e561e1e3de768ac819ffbb/uploads/2018/07/2018070766.pdf,058,,true
Tamil Nadu,Cuddalore,Panruti,Poongunam,https://cdn.s3waas.gov.in/s3a96b65a721e561e1e3de768ac819ffbb/uploads/2018/07/2018070766.pdf,059,,true
Tamil Nadu,Cuddalore,Panruti,Thirasu,https://cdn.s3waas.gov.in/s3a96b65a721e561e1e3de768ac819ffbb/uploads/2018/07/2018070766.pdf,060,,true
Tamil Nadu,Cuddalore,Panruti,Melkumaramangalam (North ),https://cdn.s3waas.gov.in/s3a96b65a721e561e1e3de768ac819ffbb/uploads/2018/07/2018070766.pdf,061,,true
Tamil Nadu,Cuddalore,Panruti,Maligaimedu,https://cdn.s3waas.gov.in/s3a96b65a721e561e1e3de768ac819ffbb/uploads/2018/07/2018070766.pdf,062,,true
Tamil Nadu,Cuddalore,Panruti,Melkavarapattu,https://cdn.s3waas.gov.in/s3a96b65a721e561e1e3de768ac819ffbb/uploads/2018/07/2018070766.pdf,063,,true
Tamil Nadu,Cuddalore,Panruti,Kozhipakkam,https://cdn.s3waas.gov.in/s3a96b65a721e561e1e3de768ac819ffbb/uploads/2018/07/2018070766.pdf,064,,true
Tamil Nadu,Cuddalore,Panruti,Pagandai,https://cdn.s3waas.gov.in/s3a96b65a721e561e1e3de768ac819ffbb/uploads/2018/07/2018070766.pdf,065,,true
Tamil Nadu,Cuddalore,Panruti,Kongarayanur,https://cdn.s3waas.gov.in/s3a96b65a721e561e1e3de768ac819ffbb/uploads/2018/07/2018070766.pdf,066,,true
Tamil Nadu,Cuddalore,Panruti,Melpattampakkam,https://cdn.s3waas.gov.in/s3a96b65a721e561e1e3de768ac819ffbb/uploads/2018/07/2018070766.pdf,067,,true
Tamil Nadu,Cuddalore,Panruti,Thirukandesvaram (town),https://cdn.s3waas.gov.in/s3a96b65a721e561e1e3de768ac819ffbb/uploads/2018/07/2018070766.pdf,068,,true
Tamil Nadu,Cuddalore,Panruti,Vanpaakkam (town),https://cdn.s3waas.gov.in/s3a96b65a721e561e1e3de768ac819ffbb/uploads/2018/07/2018070766.pdf,069,,true
Tamil Nadu,Cuddalore,Panruti,Mulligrampattu (town),https://cdn.s3waas.gov.in/s3a96b65a721e561e1e3de768ac819ffbb/uploads/2018/07/2018070766.pdf,070,,true
Tamil Nadu,Cuddalore,Panruti,Kizhpattampakkam (town),https://cdn.s3waas.gov.in/s3a96b65a721e561e1e3de768ac819ffbb/uploads/2018/07/2018070766.pdf,071,,true
Tamil Nadu,Cuddalore,Panruti,Nellikuppam (town),https://cdn.s3waas.gov.in/s3a96b65a721e561e1e3de768ac819ffbb/uploads/2018/07/2018070766.pdf,072,,true
Tamil Nadu,Cuddalore,Panruti,Eithanur,https://cdn.s3waas.gov.in/s3a96b65a721e561e1e3de768ac819ffbb/uploads/2018/07/2018070766.pdf,073,,true
Tamil Nadu,Cuddalore,Panruti,Ariirundhamangalam,https://cdn.s3waas.gov.in/s3a96b65a721e561e1e3de768ac819ffbb/uploads/2018/07/2018070766.pdf,074,,true
Tamil Nadu,Cuddalore,Panruti,Sundaravandi,https://cdn.s3waas.gov.in/s3a96b65a721e561e1e3de768ac819ffbb/uploads/2018/07/2018070766.pdf,075,,true
Tamil Nadu,Cuddalore,Panruti,Keezharungunam,https://cdn.s3waas.gov.in/s3a96b65a721e561e1e3de768ac819ffbb/uploads/2018/07/2018070766.pdf,076,,true
Tamil Nadu,Cuddalore,Panruti,Keezhpathi (town),https://cdn.s3waas.gov.in/s3a96b65a721e561e1e3de768ac819ffbb/uploads/2018/07/2018070766.pdf,077,,true
Tamil Nadu,Cuddalore,Panruti,Chozhavalli (town),https://cdn.s3waas.gov.in/s3a96b65a721e561e1e3de768ac819ffbb/uploads/2018/07/2018070766.pdf,078,,true
Tamil Nadu,Cuddalore,Panruti,Melpathi (town),https://cdn.s3waas.gov.in/s3a96b65a721e561e1e3de768ac819ffbb/uploads/2018/07/2018070766.pdf,079,,true
Tamil Nadu,Cuddalore,Panruti,Vaidapakkam (town),https://cdn.s3waas.gov.in/s3a96b65a721e561e1e3de768ac819ffbb/uploads/2018/07/2018070766.pdf,080,,true
Tamil Nadu,Cuddalore,Panruti,Kudithangi (town),https://cdn.s3waas.gov.in/s3a96b65a721e561e1e3de768ac819ffbb/uploads/2018/07/2018070766.pdf,081,,true
Tamil Nadu,Cuddalore,Panruti,Sitharasur,https://cdn.s3waas.gov.in/s3a96b65a721e561e1e3de768ac819ffbb/uploads/2018/07/2018070766.pdf,082,,true
Tamil Nadu,Cuddalore,Panruti,Perumalnayakkanpalayam,https://cdn.s3waas.gov.in/s3a96b65a721e561e1e3de768ac819ffbb/uploads/2018/07/2018070766.pdf,083,,true
Tamil Nadu,Cuddalore,Panruti,Keezhkavarapattu,https://cdn.s3waas.gov.in/s3a96b65a721e561e1e3de768ac819ffbb/uploads/2018/07/2018070766.pdf,084,,true
Tamil Nadu,Cuddalore,Panruti,Thiruvadhigai (town),https://cdn.s3waas.gov.in/s3a96b65a721e561e1e3de768ac819ffbb/uploads/2018/07/2018070766.pdf,085,,true
Tamil Nadu,Cuddalore,Panruti,Ezhumedu,https://cdn.s3waas.gov.in/s3a96b65a721e561e1e3de768ac819ffbb/uploads/2018/07/2018070766.pdf,086,,true
Tamil Nadu,Cuddalore,Panruti,Palur,https://cdn.s3waas.gov.in/s3a96b65a721e561e1e3de768ac819ffbb/uploads/2018/07/2018070766.pdf,087,,true
Tamil Nadu,Cuddalore,Panruti,Keelkuppam,https://cdn.s3waas.gov.in/s3a96b65a721e561e1e3de768ac819ffbb/uploads/2018/07/2018070766.pdf,088,,true
Tamil Nadu,Cuddalore,Panruti,Pallavarayanatham,https://cdn.s3waas.gov.in/s3a96b65a721e561e1e3de768ac819ffbb/uploads/2018/07/2018070766.pdf,089,,true
Tamil Nadu,Cuddalore,Panruti,Sanniyasipettai,https://cdn.s3waas.gov.in/s3a96b65a721e561e1e3de768ac819ffbb/uploads/2018/07/2018070766.pdf,090,,true
Tamil Nadu,Cuddalore,Panruti,Palapattu,https://cdn.s3waas.gov.in/s3a96b65a721e561e1e3de768ac819ffbb/uploads/2018/07/2018070766.pdf,091,,true
Tamil Nadu,Cuddalore,Panruti,Sirunangaivadi,https://cdn.s3waas.gov.in/s3a96b65a721e561e1e3de768ac819ffbb/uploads/2018/07/2018070766.pdf,092,,true
Tamil Nadu,Cuddalore,Panruti,Sathipattu,https://cdn.s3waas.gov.in/s3a96b65a721e561e1e3de768ac819ffbb/uploads/2018/07/2018070766.pdf,093,,true
Tamil Nadu,Cuddalore,Panruti,Melmampattu,https://cdn.s3waas.gov.in/s3a96b65a721e561e1e3de768ac819ffbb/uploads/2018/07/2018070766.pdf,094,,true
Tamil Nadu,Cuddalore,Panruti,Purangani,https://cdn.s3waas.gov.in/s3a96b65a721e561e1e3de768ac819ffbb/uploads/2018/07/2018070766.pdf,095,,true
Tamil Nadu,Cuddalore,Panruti,Keelmampattu,https://cdn.s3waas.gov.in/s3a96b65a721e561e1e3de768ac819ffbb/uploads/2018/07/2018070766.pdf,096,,true
Tamil Nadu,Cuddalore,Panruti,Azhagappa Samuthiram,https://cdn.s3waas.gov.in/s3a96b65a721e561e1e3de768ac819ffbb/uploads/2018/07/2018070766.pdf,097,,true
Tamil Nadu,Cuddalore,Panruti,Silambinathan Pettai,https://cdn.s3waas.gov.in/s3a96b65a721e561e1e3de768ac819ffbb/uploads/2018/07/2018070766.pdf,098,,true
Tamil Nadu,Cuddalore,Panruti,Melkumaramangalam(south),https://cdn.s3waas.gov.in/s3a96b65a721e561e1e3de768ac819ffbb/uploads/2018/07/2018070766.pdf,099,,true
Tamil Nadu,Tiruvannamalai,Tiruvannamalai,ADAIYUR,https://cdn.s3waas.gov.in/s318997733ec258a9fcaf239cc55d53363/uploads/2018/06/2018062110.pdf,,,true
Tamil Nadu,Tiruvannamalai,Tiruvannamalai,ADIANNAMALAI,https://cdn.s3waas.gov.in/s318997733ec258a9fcaf239cc55d53363/uploads/2018/06/2018062110.pdf,,,true
Tamil Nadu,Tiruvannamalai,Tiruvannamalai,AGARAM SIPPANDHI,https://cdn.s3waas.gov.in/s318997733ec258a9fcaf239cc55d53363/uploads/2018/06/2018062110.pdf,,,true
Tamil Nadu,Tiruvannamalai,Tiruvannamalai,ALLIKONDAPATTU,https://cdn.s3waas.gov.in/s318997733ec258a9fcaf239cc55d53363/uploads/2018/06/2018062110.pdf,,,true
Tamil Nadu,Tiruvannamalai,Tiruvannamalai,ANAIPIRANDAN,https://cdn.s3waas.gov.in/s318997733ec258a9fcaf239cc55d53363/uploads/2018/06/2018062110.pdf,,,true
Tamil Nadu,Tiruvannamalai,Tiruvannamalai,APPUPATTU,https://cdn.s3waas.gov.in/s318997733ec258a9fcaf239cc55d53363/uploads/2018/06/2018062110.pdf,,,true
Tamil Nadu,Tiruvannamalai,Tiruvannamalai,ARADAPATTU,https://cdn.s3waas.gov.in/s318997733ec258a9fcaf239cc55d53363/uploads/2018/06/2018062110.pdf,,,true
Tamil Nadu,Tiruvannamalai,Tiruvannamalai,ARAPAKKAM,https://cdn.s3waas.gov.in/s318997733ec258a9fcaf239cc55d53363/uploads/2018/06/2018062110.pdf,,,true
Tamil Nadu,Tiruvannamalai,Tiruvannamalai,ARASUDAIYAMPATTU,https://cdn.s3waas.gov.in/s318997733ec258a9fcaf239cc55d53363/uploads/2018/06/2018062110.pdf,,,true
Tamil Nadu,Tiruvannamalai,Tiruvannamalai,ARUTHIRAPATTU,https://cdn.s3waas.gov.in/s318997733ec258a9fcaf239cc55d53363/uploads/2018/06/2018062110.pdf,,,true
Tamil Nadu,Tiruvannamalai,Tiruvannamalai,ATTHIPADI,https://cdn.s3waas.gov.in/s318997733ec258a9fcaf239cc55d53363/uploads/2018/06/2018062110.pdf,,,true
Tamil Nadu,Tiruvannamalai,Tiruvannamalai,ATTHIYANDAL,https://cdn.s3waas.gov.in/s318997733ec258a9fcaf239cc55d53363/uploads/2018/06/2018062110.pdf,,,true
Tamil Nadu,Tiruvannamalai,Tiruvannamalai,AYYAMPALAYAM,https://cdn.s3waas.gov.in/s318997733ec258a9fcaf239cc55d53363/uploads/2018/06/2018062110.pdf,,,true
Tamil Nadu,Tiruvannamalai,Tiruvannamalai,AZHAKANANDAL,https://cdn.s3waas.gov.in/s318997733ec258a9fcaf239cc55d53363/uploads/2018/06/2018062110.pdf,,,true
Tamil Nadu,Tiruvannamalai,Tiruvannamalai,C.ANDAPATTU,https://cdn.s3waas.gov.in/s318997733ec258a9fcaf239cc55d53363/uploads/2018/06/2018062110.pdf,,,true
Tamil Nadu,Tiruvannamalai,Tiruvannamalai,CHAKKRATHAMADAI,https://cdn.s3waas.gov.in/s318997733ec258a9fcaf239cc55d53363/uploads/2018/06/2018062110.pdf,,,true
Tamil Nadu,Tiruvannamalai,Tiruvannamalai,CHINNAGANGEYANUR,https://cdn.s3waas.gov.in/s318997733ec258a9fcaf239cc55d53363/uploads/2018/06/2018062110.pdf,,,true
Tamil Nadu,Tiruvannamalai,Tiruvannamalai,CHINNAKALLAPDAI,https://cdn.s3waas.gov.in/s318997733ec258a9fcaf239cc55d53363/uploads/2018/06/2018062110.pdf,,,true
Tamil Nadu,Tiruvannamalai,Tiruvannamalai,DEVANAMPATTU,https://cdn.s3waas.gov.in/s318997733ec258a9fcaf239cc55d53363/uploads/2018/06/2018062110.pdf,,,true
Tamil Nadu,Tiruvannamalai,Tiruvannamalai,DEVANANDAL,https://cdn.s3waas.gov.in/s318997733ec258a9fcaf239cc55d53363/uploads/2018/06/2018062110.pdf,,,true
Tamil Nadu,Tiruvannamalai,Tiruvannamalai,DEVANUR,https://cdn.s3waas.gov.in/s318997733ec258a9fcaf239cc55d53363/uploads/2018/06/2018062110.pdf,,,true
Tamil Nadu,Tiruvannamalai,Tiruvannamalai,DURGAINAMMIYANDAL,https://cdn.s3waas.gov.in/s318997733ec258a9fcaf239cc55d53363/uploads/2018/06/2018062110.pdf,,,true
Tamil Nadu,Tiruvannamalai,Tiruvannamalai,DURINJAPURAM,https://cdn.s3waas.gov.in/s318997733ec258a9fcaf239cc55d53363/uploads/2018/06/2018062110.pdf,,,true
Tamil Nadu,Tiruvannamalai,Tiruvannamalai,ENAMKARIYANANDAL,https://cdn.s3waas.gov.in/s318997733ec258a9fcaf239cc55d53363/uploads/2018/06/2018062110.pdf,,,true
Tamil Nadu,Tiruvannamalai,Tiruvannamalai,KADAGAMAAN,https://cdn.s3waas.gov.in/s318997733ec258a9fcaf239cc55d53363/uploads/2018/06/2018062110.pdf,,,true
Tamil Nadu,Tiruvannamalai,Tiruvannamalai,KALLERI,https://cdn.s3waas.gov.in/s318997733ec258a9fcaf239cc55d53363/uploads/2018/06/2018062110.pdf,,,true
Tamil Nadu,Tiruvannamalai,Tiruvannamalai,KALLOTTU,https://cdn.s3waas.gov.in/s318997733ec258a9fcaf239cc55d53363/uploads/2018/06/2018062110.pdf,,,true
Tamil Nadu,Tiruvannamalai,Tiruvannamalai,KAMALAPUTHUR,https://cdn.s3waas.gov.in/s318997733ec258a9fcaf239cc55d53363/uploads/2018/06/2018062110.pdf,,,true
Tamil Nadu,Tiruvannamalai,Tiruvannamalai,KANANTHAMPOONDI,https://cdn.s3waas.gov.in/s318997733ec258a9fcaf239cc55d53363/uploads/2018/06/2018062110.pdf,,,true
Tamil Nadu,Tiruvannamalai,Tiruvannamalai,KANDIYANKUPPAM,https://cdn.s3waas.gov.in/s318997733ec258a9fcaf239cc55d53363/uploads/2018/06/2018062110.pdf,,,true
Tamil Nadu,Tiruvannamalai,Tiruvannamalai,KANNAPANTHAL,https://cdn.s3waas.gov.in/s318997733ec258a9fcaf239cc55d53363/uploads/2018/06/2018062110.pdf,,,true
Tamil Nadu,Tiruvannamalai,Tiruvannamalai,KARGONAM,https://cdn.s3waas.gov.in/s318997733ec258a9fcaf239cc55d53363/uploads/2018/06/2018062110.pdf,,,true
Tamil Nadu,Tiruvannamalai,Tiruvannamalai,KARUTTHUVAMPADI,https://cdn.s3waas.gov.in/s318997733ec258a9fcaf239cc55d53363/uploads/2018/06/2018062110.pdf,,,true
Tamil Nadu,Tiruvannamalai,Tiruvannamalai,KASTHAMPADI,https://cdn.s3waas.gov.in/s318997733ec258a9fcaf239cc55d53363/uploads/2018/06/2018062110.pdf,,,true
Tamil Nadu,Tiruvannamalai,Tiruvannamalai,KATTAMPOONDI,https://cdn.s3waas.gov.in/s318997733ec258a9fcaf239cc55d53363/uploads/2018/06/2018062110.pdf,,,true
Tamil Nadu,Tiruvannamalai,Tiruvannamalai,KATTUPUTHUR,https://cdn.s3waas.gov.in/s318997733ec258a9fcaf239cc55d53363/uploads/2018/06/2018062110.pdf,,,true
Tamil Nadu,Tiruvannamalai,Tiruvannamalai,KAVERIYAMPOONDI,https://cdn.s3waas.gov.in/s318997733ec258a9fcaf239cc55d53363/uploads/2018/06/2018062110.pdf,,,true
Tamil Nadu,Tiruvannamalai,Tiruvannamalai,KILIYAPATTU,https://cdn.s3waas.gov.in/s318997733ec258a9fcaf239cc55d53363/uploads/2018/06/2018062110.pdf,,,true
Tamil Nadu,Tiruvannamalai,Tiruvannamalai,KIZHANAIKARAI,https://cdn.s3waas.gov.in/s318997733ec258a9fcaf239cc55d53363/uploads/2018/06/2018062110.pdf,,,true
Tamil Nadu,Tiruvannamalai,Tiruvannamalai,KIZHATHUR,https://cdn.s3waas.gov.in/s318997733ec258a9fcaf239cc55d53363/uploads/2018/06/2018062110.pdf,,,true
Tamil Nadu,Tiruvannamalai,Tiruvannamalai,KIZHCHETTIPATTU,https://cdn.s3waas.gov.in/s318997733ec258a9fcaf239cc55d53363/uploads/2018/06/2018062110.pdf,,,true
Tamil Nadu,Tiruvannamalai,Tiruvannamalai,KIZHKACHIRAPATTU,https://cdn.s3waas.gov.in/s318997733ec258a9fcaf239cc55d53363/uploads/2018/06/2018062110.pdf,,,true
Tamil Nadu,Tiruvannamalai,Tiruvannamalai,KIZHNATHUR,https://cdn.s3waas.gov.in/s318997733ec258a9fcaf239cc55d53363/uploads/2018/06/2018062110.pdf,,,true
Tamil Nadu,Tiruvannamalai,Tiruvannamalai,KOLAKUDI,https://cdn.s3waas.gov.in/s318997733ec258a9fcaf239cc55d53363/uploads/2018/06/2018062110.pdf,,,true
Tamil Nadu,Tiruvannamalai,Tiruvannamalai,KOLLAKARAVADI,https://cdn.s3waas.gov.in/s318997733ec258a9fcaf239cc55d53363/uploads/2018/06/2018062110.pdf,,,true
Tamil Nadu,Tiruvannamalai,Tiruvannamalai,KOSALAI,https://cdn.s3waas.gov.in/s318997733ec258a9fcaf239cc55d53363/uploads/2018/06/2018062110.pdf,,,true
Tamil Nadu,Tiruvannamalai,Tiruvannamalai,KOTHALAVADI,https://cdn.s3waas.gov.in/s318997733ec258a9fcaf239cc55d53363/uploads/2018/06/2018062110.pdf,,,true
Tamil Nadu,Tiruvannamalai,Tiruvannamalai,KOVUR,https://cdn.s3waas.gov.in/s318997733ec258a9fcaf239cc55d53363/uploads/2018/06/2018062110.pdf,,,true
Tamil Nadu,Tiruvannamalai,Tiruvannamalai,KUNNIYANDAL,https://cdn.s3waas.gov.in/s318997733ec258a9fcaf239cc55d53363/uploads/2018/06/2018062110.pdf,,,true
Tamil Nadu,Tiruvannamalai,Tiruvannamalai,KUNNUMURINJI,https://cdn.s3waas.gov.in/s318997733ec258a9fcaf239cc55d53363/uploads/2018/06/2018062110.pdf,,,true
Tamil Nadu,Tiruvannamalai,Tiruvannamalai,MALAPAMPADI,https://cdn.s3waas.gov.in/s318997733ec258a9fcaf239cc55d53363/uploads/2018/06/2018062110.pdf,,,true
Tamil Nadu,Tiruvannamalai,Tiruvannamalai,MALLAPPANAICKENPALAYAM,https://cdn.s3waas.gov.in/s318997733ec258a9fcaf239cc55d53363/uploads/2018/06/2018062110.pdf,,,true
Tamil Nadu,Tiruvannamalai,Tiruvannamalai,MALLAVADI,https://cdn.s3waas.gov.in/s318997733ec258a9fcaf239cc55d53363/uploads/2018/06/2018062110.pdf,,,true
Tamil Nadu,Tiruvannamalai,Tiruvannamalai,MANGALAM,https://cdn.s3waas.gov.in/s318997733ec258a9fcaf239cc55d53363/uploads/2018/06/2018062110.pdf,,,true
Tamil Nadu,Tiruvannamalai,Tiruvannamalai,MANJAMPOONDI,https://cdn.s3waas.gov.in/s318997733ec258a9fcaf239cc55d53363/uploads/2018/06/2018062110.pdf,,,true
Tamil Nadu,Tiruvannamalai,Tiruvannamalai,MARUTHUVAMPADI,https://cdn.s3waas.gov.in/s318997733ec258a9fcaf239cc55d53363/uploads/2018/06/2018062110.pdf,,,true
Tamil Nadu,Tiruvannamalai,Tiruvannamalai,MATHALAMPADI,https://cdn.s3waas.gov.in/s318997733ec258a9fcaf239cc55d53363/uploads/2018/06/2018062110.pdf,,,true
Tamil Nadu,Tiruvannamalai,Tiruvannamalai,MELATHIKAN,https://cdn.s3waas.gov.in/s318997733ec258a9fcaf239cc55d53363/uploads/2018/06/2018062110.pdf,,,true
Tamil Nadu,Tiruvannamalai,Tiruvannamalai,MELCHETTIPATTU,https://cdn.s3waas.gov.in/s318997733ec258a9fcaf239cc55d53363/uploads/2018/06/2018062110.pdf,,,true
Tamil Nadu,Tiruvannamalai,Tiruvannamalai,MELKACHIRAPATTU,https://cdn.s3waas.gov.in/s318997733ec258a9fcaf239cc55d53363/uploads/2018/06/2018062110.pdf,,,true
Tamil Nadu,Tiruvannamalai,Tiruvannamalai,MELPUTHIYANDAL,https://cdn.s3waas.gov.in/s318997733ec258a9fcaf239cc55d53363/uploads/2018/06/2018062110.pdf,,,true
Tamil Nadu,Tiruvannamalai,Tiruvannamalai,MEPPATHURAI,https://cdn.s3waas.gov.in/s318997733ec258a9fcaf239cc55d53363/uploads/2018/06/2018062110.pdf,,,true
Tamil Nadu,Tiruvannamalai,Tiruvannamalai,MEYYUR,https://cdn.s3waas.gov.in/s318997733ec258a9fcaf239cc55d53363/uploads/2018/06/2018062110.pdf,,,true
Tamil Nadu,Tiruvannamalai,Tiruvannamalai,MUNIYANDAL,https://cdn.s3waas.gov.in/s318997733ec258a9fcaf239cc55d53363/uploads/2018/06/2018062110.pdf,,,true
Tamil Nadu,Tiruvannamalai,Tiruvannamalai,MUTHUARASAMPOONDI,https://cdn.s3waas.gov.in/s318997733ec258a9fcaf239cc55d53363/uploads/2018/06/2018062110.pdf,,,true
Tamil Nadu,Tiruvannamalai,Tiruvannamalai,NACHANANDAL,https://cdn.s3waas.gov.in/s318997733ec258a9fcaf239cc55d53363/uploads/2018/06/2018062110.pdf,,,true
Tamil Nadu,Tiruvannamalai,Tiruvannamalai,NADUPATTU,https://cdn.s3waas.gov.in/s318997733ec258a9fcaf239cc55d53363/uploads/2018/06/2018062110.pdf,,,true
Tamil Nadu,Tiruvannamalai,Tiruvannamalai,NAIDUMANGALAM,https://cdn.s3waas.gov.in/s318997733ec258a9fcaf239cc55d53363/uploads/2018/06/2018062110.pdf,,,true
Tamil Nadu,Tiruvannamalai,Tiruvannamalai,NALLANPILLAIPETTRAL,https://cdn.s3waas.gov.in/s318997733ec258a9fcaf239cc55d53363/uploads/2018/06/2018062110.pdf,,,true
Tamil Nadu,Tiruvannamalai,Tiruvannamalai,NALLAVANPALAYAM,https://cdn.s3waas.gov.in/s318997733ec258a9fcaf239cc55d53363/uploads/2018/06/2018062110.pdf,,,true
Tamil Nadu,Tiruvannamalai,Tiruvannamalai,NARIYAPATTU,https://cdn.s3waas.gov.in/s318997733ec258a9fcaf239cc55d53363/uploads/2018/06/2018062110.pdf,,,true
Tamil Nadu,Tiruvannamalai,Tiruvannamalai,NARTHAMPOONDI,https://cdn.s3waas.gov.in/s318997733ec258a9fcaf239cc55d53363/uploads/2018/06/2018062110.pdf,,,true
Tamil Nadu,Tiruvannamalai,Tiruvannamalai,NAVAMPATTU,https://cdn.s3waas.gov.in/s318997733ec258a9fcaf239cc55d53363/uploads/2018/06/2018062110.pdf,,,true
Tamil Nadu,Tiruvannamalai,Tiruvannamalai,NAYARPATTU,https://cdn.s3waas.gov.in/s318997733ec258a9fcaf239cc55d53363/uploads/2018/06/2018062110.pdf,,,true
Tamil Nadu,Tiruvannamalai,Tiruvannamalai,NELLIMEDU,https://cdn.s3waas.gov.in/s318997733ec258a9fcaf239cc55d53363/uploads/2018/06/2018062110.pdf,,,true
Tamil Nadu,Tiruvannamalai,Tiruvannamalai,NOCHCHIMALAI,https://cdn.s3waas.gov.in/s318997733ec258a9fcaf239cc55d53363/uploads/2018/06/2018062110.pdf,,,true
Tamil Nadu,Tiruvannamalai,Tiruvannamalai,NOOKAMPADI,https://cdn.s3waas.gov.in/s318997733ec258a9fcaf239cc55d53363/uploads/2018/06/2018062110.pdf,,,true
Tamil Nadu,Tiruvannamalai,Tiruvannamalai,OOSAMPADI,https://cdn.s3waas.gov.in/s318997733ec258a9fcaf239cc55d53363/uploads/2018/06/2018062110.pdf,,,true
Tamil Nadu,Tiruvannamalai,Tiruvannamalai,PALANANDAL,https://cdn.s3waas.gov.in/s318997733ec258a9fcaf239cc55d53363/uploads/2018/06/2018062110.pdf,,,true
Tamil Nadu,Tiruvannamalai,Tiruvannamalai,PALLIKONDAPATTU,https://cdn.s3waas.gov.in/s318997733ec258a9fcaf239cc55d53363/uploads/2018/06/2018062110.pdf,,,true
Tamil Nadu,Tiruvannamalai,Tiruvannamalai,PALLIYAMPATTU,https://cdn.s3waas.gov.in/s318997733ec258a9fcaf239cc55d53363/uploads/2018/06/2018062110.pdf,,,true
Tamil Nadu,Tiruvannamalai,Tiruvannamalai,PANAIYUR,https://cdn.s3waas.gov.in/s318997733ec258a9fcaf239cc55d53363/uploads/2018/06/2018062110.pdf,,,true
Tamil Nadu,Tiruvannamalai,Tiruvannamalai,PANDITHAPATTU,https://cdn.s3waas.gov.in/s318997733ec258a9fcaf239cc55d53363/uploads/2018/06/2018062110.pdf,,,true
Tamil Nadu,Tiruvannamalai,Tiruvannamalai,PARAIYAMPATTU,https://cdn.s3waas.gov.in/s318997733ec258a9fcaf239cc55d53363/uploads/2018/06/2018062110.pdf,,,true
Tamil Nadu,Tiruvannamalai,Tiruvannamalai,PAVITHIRAM,https://cdn.s3waas.gov.in/s318997733ec258a9fcaf239cc55d53363/uploads/2018/06/2018062110.pdf,,,true
Tamil Nadu,Tiruvannamalai,Tiruvannamalai,PAVUPATTU,https://cdn.s3waas.gov.in/s318997733ec258a9fcaf239cc55d53363/uploads/2018/06/2018062110.pdf,,,true
Tamil Nadu,Tiruvannamalai,Tiruvannamalai,PAZHAYANUR,https://cdn.s3waas.gov.in/s318997733ec258a9fcaf239cc55d53363/uploads/2018/06/2018062110.pdf,,,true
Tamil Nadu,Tiruvannamalai,Tiruvannamalai,PERIYAKALLAPADI,https://cdn.s3waas.gov.in/s318997733ec258a9fcaf239cc55d53363/uploads/2018/06/2018062110.pdf,,,true
Tamil Nadu,Tiruvannamalai,Tiruvannamalai,PERIYAKILAMPADI,https://cdn.s3waas.gov.in/s318997733ec258a9fcaf239cc55d53363/uploads/2018/06/2018062110.pdf,,,true
Tamil Nadu,Tiruvannamalai,Tiruvannamalai,PERUMANAM,https://cdn.s3waas.gov.in/s318997733ec258a9fcaf239cc55d53363/uploads/2018/06/2018062110.pdf,,,true
Tamil Nadu,Tiruvannamalai,Tiruvannamalai,PICHANANDAL,https://cdn.s3waas.gov.in/s318997733ec258a9fcaf239cc55d53363/uploads/2018/06/2018062110.pdf,,,true
Tamil Nadu,Tiruvannamalai,Tiruvannamalai,PORGUNAM,https://cdn.s3waas.gov.in/s318997733ec258a9fcaf239cc55d53363/uploads/2018/06/2018062110.pdf,,,true
Tamil Nadu,Tiruvannamalai,Tiruvannamalai,PORIKKAL,https://cdn.s3waas.gov.in/s318997733ec258a9fcaf239cc55d53363/uploads/2018/06/2018062110.pdf,,,true
Tamil Nadu,Tiruvannamalai,Tiruvannamalai,RANTHAM,https://cdn.s3waas.gov.in/s318997733ec258a9fcaf239cc55d53363/uploads/2018/06/2018062110.pdf,,,true
Tamil Nadu,Tiruvannamalai,Tiruvannamalai,SADAIYANOODAI,https://cdn.s3waas.gov.in/s318997733ec258a9fcaf239cc55d53363/uploads/2018/06/2018062110.pdf,,,true
Tamil Nadu,Tiruvannamalai,Tiruvannamalai,SALAIYANUR,https://cdn.s3waas.gov.in/s318997733ec258a9fcaf239cc55d53363/uploads/2018/06/2018062110.pdf,,,true
Tamil Nadu,Tiruvannamalai,Tiruvannamalai,SAMMANTHANUR,https://cdn.s3waas.gov.in/s318997733ec258a9fcaf239cc55d53363/uploads/2018/06/2018062110.pdf,,,true
Tamil Nadu,Tiruvannamalai,Tiruvannamalai,SAMUTHIRAM,https://cdn.s3waas.gov.in/s318997733ec258a9fcaf239cc55d53363/uploads/2018/06/2018062110.pdf,,,true
Tamil Nadu,Tiruvannamalai,Tiruvannamalai,SANANANTHAL,https://cdn.s3waas.gov.in/s318997733ec258a9fcaf239cc55d53363/uploads/2018/06/2018062110.pdf,,,true
Tamil Nadu,Tiruvannamalai,Tiruvannamalai,SAVALPOONDI,https://cdn.s3waas.gov.in/s318997733ec258a9fcaf239cc55d53363/uploads/2018/06/2018062110.pdf,,,true
Tamil Nadu,Tiruvannamalai,Tiruvannamalai,SEELAPANTHAL,https://cdn.s3waas.gov.in/s318997733ec258a9fcaf239cc55d53363/uploads/2018/06/2018062110.pdf,,,true
Tamil Nadu,Tiruvannamalai,Tiruvannamalai,SIRUKILAMPADI,https://cdn.s3waas.gov.in/s318997733ec258a9fcaf239cc55d53363/uploads/2018/06/2018062110.pdf,,,true
Tamil Nadu,Tiruvannamalai,Tiruvannamalai,SO.NACHIPATTU,https://cdn.s3waas.gov.in/s318997733ec258a9fcaf239cc55d53363/uploads/2018/06/2018062110.pdf,,,true
Tamil Nadu,Tiruvannamalai,Tiruvannamalai,SORAKULATHUR,https://cdn.s3waas.gov.in/s318997733ec258a9fcaf239cc55d53363/uploads/2018/06/2018062110.pdf,,,true
Tamil Nadu,Tiruvannamalai,Tiruvannamalai,SORANTHAI,https://cdn.s3waas.gov.in/s318997733ec258a9fcaf239cc55d53363/uploads/2018/06/2018062110.pdf,,,true
Tamil Nadu,Tiruvannamalai,Tiruvannamalai,SU.ANDAPATTU,https://cdn.s3waas.gov.in/s318997733ec258a9fcaf239cc55d53363/uploads/2018/06/2018062110.pdf,,,true
Tamil Nadu,Tiruvannamalai,Tiruvannamalai,SU.KIZHNACHIPATTU,https://cdn.s3waas.gov.in/s318997733ec258a9fcaf239cc55d53363/uploads/2018/06/2018062110.pdf,,,true
Tamil Nadu,Tiruvannamalai,Tiruvannamalai,SU.NALLUR,https://cdn.s3waas.gov.in/s318997733ec258a9fcaf239cc55d53363/uploads/2018/06/2018062110.pdf,,,true
Tamil Nadu,Tiruvannamalai,Tiruvannamalai,SU.PAPPAMPADI,https://cdn.s3waas.gov.in/s318997733ec258a9fcaf239cc55d53363/uploads/2018/06/2018062110.pdf,,,true
Tamil Nadu,Tiruvannamalai,Tiruvannamalai,SU.VALAVETTI,https://cdn.s3waas.gov.in/s318997733ec258a9fcaf239cc55d53363/uploads/2018/06/2018062110.pdf,,,true
Tamil Nadu,Tiruvannamalai,Tiruvannamalai,THACHAMPATTU,https://cdn.s3waas.gov.in/s318997733ec258a9fcaf239cc55d53363/uploads/2018/06/2018062110.pdf,,,true
Tamil Nadu,Tiruvannamalai,Tiruvannamalai,THALAIYAMPALLAM,https://cdn.s3waas.gov.in/s318997733ec258a9fcaf239cc55d53363/uploads/2018/06/2018062110.pdf,,,true
Tamil Nadu,Tiruvannamalai,Tiruvannamalai,THELLANANDAL,https://cdn.s3waas.gov.in/s318997733ec258a9fcaf239cc55d53363/uploads/2018/06/2018062110.pdf,,,true
Tamil Nadu,Tiruvannamalai,Tiruvannamalai,THENMATHUR,https://cdn.s3waas.gov.in/s318997733ec258a9fcaf239cc55d53363/uploads/2018/06/2018062110.pdf,,,true
Tamil Nadu,Tiruvannamalai,Tiruvannamalai,THIRUKALUR VAZHAVETTI,https://cdn.s3waas.gov.in/s318997733ec258a9fcaf239cc55d53363/uploads/2018/06/2018062110.pdf,,,true
Tamil Nadu,Tiruvannamalai,Tiruvannamalai,THIRUVANAIMUGAM,https://cdn.s3waas.gov.in/s318997733ec258a9fcaf239cc55d53363/uploads/2018/06/2018062110.pdf,,,true
Tamil Nadu,Tiruvannamalai,Tiruvannamalai,THIRUVANNAMALAI,https://cdn.s3waas.gov.in/s318997733ec258a9fcaf239cc55d53363/uploads/2018/06/2018062110.pdf,,,true
Tamil Nadu,Tiruvannamalai,Tiruvannamalai,THIRUVARANGAMVAZHAVETTI,https://cdn.s3waas.gov.in/s318997733ec258a9fcaf239cc55d53363/uploads/2018/06/2018062110.pdf,,,true
Tamil Nadu,Tiruvannamalai,Tiruvannamalai,UDAIYANANDAL,https://cdn.s3waas.gov.in/s318997733ec258a9fcaf239cc55d53363/uploads/2018/06/2018062110.pdf,,,true
Tamil Nadu,Tiruvannamalai,Tiruvannamalai,UDIRAMPOONDI,https://cdn.s3waas.gov.in/s318997733ec258a9fcaf239cc55d53363/uploads/2018/06/2018062110.pdf,,,true
Tamil Nadu,Tiruvannamalai,Tiruvannamalai,V.NAMMIYANDAL,https://cdn.s3waas.gov.in/s318997733ec258a9fcaf239cc55d53363/uploads/2018/06/2018062110.pdf,,,true
Tamil Nadu,Tiruvannamalai,Tiruvannamalai,VA.ANDAPATTU,https://cdn.s3waas.gov.in/s318997733ec258a9fcaf239cc55d53363/uploads/2018/06/2018062110.pdf,,,true
Tamil Nadu,Tiruvannamalai,Tiruvannamalai,VADAGARUNKALIPADI,https://cdn.s3waas.gov.in/s318997733ec258a9fcaf239cc55d53363/uploads/2018/06/2018062110.pdf,,,true
Tamil Nadu,Tiruvannamalai,Tiruvannamalai,VADAKARIMBALOOR,https://cdn.s3waas.gov.in/s318997733ec258a9fcaf239cc55d53363/uploads/2018/06/2018062110.pdf,,,true
Tamil Nadu,Tiruvannamalai,Tiruvannamalai,VADAPUZHITHUR,https://cdn.s3waas.gov.in/s318997733ec258a9fcaf239cc55d53363/uploads/2018/06/2018062110.pdf,,,true
Tamil Nadu,Tiruvannamalai,Tiruvannamalai,VALLIVAGAI,https://cdn.s3waas.gov.in/s318997733ec258a9fcaf239cc55d53363/uploads/2018/06/2018062110.pdf,,,true
Tamil Nadu,Tiruvannamalai,Tiruvannamalai,VANIYANTHANGAL,https://cdn.s3waas.gov.in/s318997733ec258a9fcaf239cc55d53363/uploads/2018/06/2018062110.pdf,,,true
Tamil Nadu,Tiruvannamalai,Tiruvannamalai,VELAIYAMPAKKAM,https://cdn.s3waas.gov.in/s318997733ec258a9fcaf239cc55d53363/uploads/2018/06/2018062110.pdf,,,true
Tamil Nadu,Tiruvannamalai,Tiruvannamalai,VELUGANANDAL,https://cdn.s3waas.gov.in/s318997733ec258a9fcaf239cc55d53363/uploads/2018/06/2018062110.pdf,,,true
Tamil Nadu,Tiruvannamalai,Tiruvannamalai,VELUKANANDAL,https://cdn.s3waas.gov.in/s318997733ec258a9fcaf239cc55d53363/uploads/2018/06/2018062110.pdf,,,true
Tamil Nadu,Tiruvannamalai,Tiruvannamalai,VENGAYAVELUR,https://cdn.s3waas.gov.in/s318997733ec258a9fcaf239cc55d53363/uploads/2018/06/2018062110.pdf,,,true
Tamil Nadu,Tiruvannamalai,Tiruvannamalai,VENGIKKAL,https://cdn.s3waas.gov.in/s318997733ec258a9fcaf239cc55d53363/uploads/2018/06/2018062110.pdf,,,true
Tamil Nadu,Tiruvannamalai,Tiruvannamalai,VERAIYUR,https://cdn.s3waas.gov.in/s318997733ec258a9fcaf239cc55d53363/uploads/2018/06/2018062110.pdf,,,true
Tamil Nadu,Tiruvannamalai,Tiruvannamalai,VIRUDHUVILANGINAAN,https://cdn.s3waas.gov.in/s318997733ec258a9fcaf239cc55d53363/uploads/2018/06/2018062110.pdf,,,true
Tamil Nadu,Tiruvannamalai,Tiruvannamalai,VISWANTHANGAL,https://cdn.s3waas.gov.in/s318997733ec258a9fcaf239cc55d53363/uploads/2018/06/2018062110.pdf,,,true
